Position,"Track Name",Artist,Streams,URL
1,"Shape of You","Ed Sheeran",44867852,https://open.spotify.com/track/7qiZfU4dY1lWllzX7mPBI3
2,Passionfruit,Drake,28420893,https://open.spotify.com/track/5mCPDVBb16L4XQwDdbRUpz
3,"It Ain't Me (with Selena Gomez)",Kygo,28022909,https://open.spotify.com/track/3eR23VReFzcdmS7TYCrhCe
4,"Something Just Like This","The Chainsmokers",26882654,https://open.spotify.com/track/1dNIEtp7AY3oDAKCGg2XkH
5,HUMBLE.,"Kendrick Lamar",26094489,https://open.spotify.com/track/31c9IHwCIONmUYW0jL7Riz
6,"That's What I Like","Bruno Mars",23415036,https://open.spotify.com/track/0KKkJNfGyhkQ5aFogxQAPU
7,"Mask Off",Future,23173012,https://open.spotify.com/track/3rOSwuTsUlJp0Pu0MkN8r8
8,"Stay (with Alessia Cara)",Zedd,23118329,https://open.spotify.com/track/0dA2Mk56wEzDgegdC6R17g
9,"Despacito (Featuring Daddy Yankee)","Luis Fonsi",21878464,https://open.spotify.com/track/4aWmUDTfIPGksMNLV2rQP2
10,"Galway Girl","Ed Sheeran",21761639,https://open.spotify.com/track/0afhq8XCExXpqazXczTSve
11,Symphony,"Clean Bandit",19678649,https://open.spotify.com/track/4SPLWgCPoKwULz2UTM8TKg
12,Paris,"The Chainsmokers",18918207,https://open.spotify.com/track/15vzANxN8G9wWfwAJLLMCg
13,Slide,"Calvin Harris",18367402,https://open.spotify.com/track/6gpcs5eMhJwax4mIfKDYQk
14,"Scared to Be Lonely","Martin Garrix",17852979,https://open.spotify.com/track/3ebXMykcMXOcLeJ9xZ17XH
15,Issues,"Julia Michaels",17283946,https://open.spotify.com/track/1sXUWdKx03aP9Gmzft58rt
16,"I Don’t Wanna Live Forever (Fifty Shades Darker) - From ""Fifty Shades Darker (Original Motion Picture Soundtrack)""",ZAYN,16909205,https://open.spotify.com/track/3NdDpSvN911VPGivFlV5d0
17,"You Don't Know Me","Jax Jones",15002138,https://open.spotify.com/track/2SZy40PLDk3vFucXUGFCFA
18,"Rockabye (feat. Sean Paul & Anne-Marie)","Clean Bandit",14632037,https://open.spotify.com/track/5knuzwU65gJK7IF5yJsuaW
19,Cold,"Maroon 5",14619176,https://open.spotify.com/track/5NNlUMcOEOdoOIwwaWXv0k
20,Believer,"Imagine Dragons",14405330,https://open.spotify.com/track/6VRghJeP6I0w1KxkdWFfIh
21,"Swalla (feat. Nicki Minaj & Ty Dolla $ign)","Jason Derulo",14395654,https://open.spotify.com/track/6kex4EBAj0WHXDKZMEJaaF
22,"Chained To The Rhythm","Katy Perry",14379427,https://open.spotify.com/track/5ndfVSDyPq90jaIUhNPeby
23,"Castle on the Hill","Ed Sheeran",14298869,https://open.spotify.com/track/6PCUP3dWmTjcTtXY02oFdT
24,Portland,Drake,13617689,https://open.spotify.com/track/2bjwRfXMk4uRgOD9IBYl9h
25,"iSpy (feat. Lil Yachty)",Kyle,13468215,https://open.spotify.com/track/2EEeOnHehOozLq4aS0n6SL
26,"I Feel It Coming","The Weeknd",12868686,https://open.spotify.com/track/4RepvCWqsP6zBuzvwYibAS
27,"Call On Me - Ryan Riback Extended Remix",Starley,12439249,https://open.spotify.com/track/78rIJddV4X0HkNAInEcYde
28,Closer,"The Chainsmokers",12190402,https://open.spotify.com/track/7BKLCZ1jbUBVqRi2FVlTVw
29,Perfect,"Ed Sheeran",11820953,https://open.spotify.com/track/0tgVpDi06FyKpA1z0VMD4v
30,"Solo Dance","Martin Jensen",11774710,https://open.spotify.com/track/3R6dPfF2yBO8mHySW1XDAa
31,"Say You Won't Let Go","James Arthur",11407500,https://open.spotify.com/track/5uCax9HTNlzGybIStD3vDh
32,Blem,Drake,11315574,https://open.spotify.com/track/2XlHu0HcujBCkWMdIAvrqt
33,"SUBEME LA RADIO","Enrique Iglesias",11245054,https://open.spotify.com/track/7nKBxz47S9SD79N086fuhn
34,"How Far I'll Go - From ""Moana""","Alessia Cara",11177429,https://open.spotify.com/track/5hYTyyh2odQKphUbMqc5gN
35,"Green Light",Lorde,11121320,https://open.spotify.com/track/1WC5UN1U79gJlxGLYDGIO7
36,Starboy,"The Weeknd",10972144,https://open.spotify.com/track/5aAx2yezTd8zXrkmtKl66Z
37,Location,Khalid,10797680,https://open.spotify.com/track/152lZdxL1OR0ZMW6KquMif
38,"XO TOUR Llif3","Lil Uzi Vert",10745935,https://open.spotify.com/track/2eMwDehkIC1j68U6FA3Eiq
39,Happier,"Ed Sheeran",10738924,https://open.spotify.com/track/2RttW7RAu5nOAfq6YFvApB
40,"Tunnel Vision","Kodak Black",10718629,https://open.spotify.com/track/4Q3N4Ct4zCuIHuZ65E3BD4
41,"Fake Love",Drake,10654698,https://open.spotify.com/track/343YBumqHu19cGoGARUTsd
42,"Run Up (feat. PARTYNEXTDOOR & Nicki Minaj)","Major Lazer",10587446,https://open.spotify.com/track/0fg8CqpjdojMyXLNzM2PaJ
43,Congratulations,"Post Malone",10504624,https://open.spotify.com/track/3a1lNhkSLSkpJE4MSHpDu9
44,Chantaje,Shakira,10286479,https://open.spotify.com/track/1WniHvhq9zTkny0WvGXX8o
45,Selfish,Future,9935891,https://open.spotify.com/track/2Ce5IyMlVRVvN997ZJjJJA
46,"El Amante","Nicky Jam",9925676,https://open.spotify.com/track/3umS4y3uQDkqekNjVpiRUs
47,Weak,AJR,9657288,https://open.spotify.com/track/3TJk0aoXM0knrOlgd1fnbx
48,Gyalchester,Drake,9642678,https://open.spotify.com/track/6UjfByV1lDLW0SOVQA4NAi
49,"Me Rehúso","Danny Ocean",9607759,https://open.spotify.com/track/6Zosz8w6CmdGMZM6p4JlbQ
50,"Still Got Time",ZAYN,9553325,https://open.spotify.com/track/000xQL6tZNLJzIrtIgxqSl
51,"The One","The Chainsmokers",8681844,https://open.spotify.com/track/619A7U0RtsSEvqJeJdazJ3
52,"Bad and Boujee (feat. Lil Uzi Vert)",Migos,8615431,https://open.spotify.com/track/4Km5HrUvYTaSUfiSGPJeQR
53,Dive,"Ed Sheeran",8305973,https://open.spotify.com/track/51ChrwmUPDJvedPQnIU8Ls
54,"September Song","JP Cooper",8200595,https://open.spotify.com/track/0FuTx2s3YH1ppmtiM6l0zI
55,"Let Me Love You","DJ Snake",7813559,https://open.spotify.com/track/4pdPtRcBmOSQDlJ3Fk945m
56,"Bounce Back","Big Sean",7807547,https://open.spotify.com/track/0SGkqnVQo9KPytSri1H6cF
57,"One Dance",Drake,7807542,https://open.spotify.com/track/1xznGGDReH1oQq0xzbwXa3
58,"Free Smoke",Drake,7264845,https://open.spotify.com/track/05KOgYg8PGeJyyWBPi5ja8
59,Touch,"Little Mix",7214027,https://open.spotify.com/track/5Ua3GXyHwiSfpNTMjq6m2z
60,"24K Magic","Bruno Mars",7174686,https://open.spotify.com/track/6b8Be6ljOzmkOmFslEb23P
61,"Get It Together",Drake,7030440,https://open.spotify.com/track/7y6c07pgjZvtHI9kuMVqk1
62,T-Shirt,Migos,6877351,https://open.spotify.com/track/7KOlJ92bu51cltsD9KU5I7
63,"What Do I Know?","Ed Sheeran",6851455,https://open.spotify.com/track/2pJZ1v8HezrAoZ0Fhzby92
64,"Reggaetón Lento (Bailemos)",CNCO,6784462,https://open.spotify.com/track/3AEZUABDXNtecAOSC1qTfo
65,Heatstroke,"Calvin Harris",6762605,https://open.spotify.com/track/1N90cV79gbBgO0bOs74Y0t
66,"New Man","Ed Sheeran",6756205,https://open.spotify.com/track/5HDPtsnyb3maFmPL8LLUTG
67,"Teenage Fever",Drake,6673285,https://open.spotify.com/track/6n3HGiq4v35D6eFOSwqYuo
68,"Don't Wanna Know","Maroon 5",6655928,https://open.spotify.com/track/5MFzQMkrl1FOOng9tq6R9r
69,"Otra Vez (feat. J Balvin)","Zion & Lennox",6585966,https://open.spotify.com/track/3QwBODjSEzelZyVjxPOHdq
70,"All Time Low","Jon Bellion",6564970,https://open.spotify.com/track/1CnPYaKxTVb4LWOtiGOm0m
71,"Look At Me!",Xxxtentacion,6400402,https://open.spotify.com/track/7floNISpH8VF4z4459Qo18
72,Swang,"Rae Sremmurd",6355205,https://open.spotify.com/track/6mapJIPnQ23RTAevUoE0DL
73,"Body Like A Back Road","Sam Hunt",6348532,https://open.spotify.com/track/7mldq42yDuxiUNn08nvzHO
74,Starving,"Hailee Steinfeld",6345524,https://open.spotify.com/track/1qOLh0tI7trd1zdDKxYZTe
75,"Tuesday (feat. Danelle Sandoval)","Burak Yeter",6328358,https://open.spotify.com/track/7EVk9tRb6beJLTHrg6AkY9
76,"All Night","The Vamps",6280011,https://open.spotify.com/track/1yNyoWWWikbLhwIGWjZuDW
77,"The Heart Part 4","Kendrick Lamar",6069833,https://open.spotify.com/track/41eiwHEX8iegmqmS2cf7oX
78,"La Rompe Corazones","Daddy Yankee",6058868,https://open.spotify.com/track/4okba5wu9mMLXx79DXLKi3
79,"Hear Me Now",Alok,6019177,https://open.spotify.com/track/1a5Yu5L18qNxVhXx38njON
80,"Love On The Brain",Rihanna,5970337,https://open.spotify.com/track/2aksifNn5ph8igDOkPBA02
81,"Sigo Extrañándote","J Balvin",5943103,https://open.spotify.com/track/6qDF4wWL49CAVbgT7yuHl8
82,"Don't Let Me Down","The Chainsmokers",5703025,https://open.spotify.com/track/0QsvXIfqM0zZoerQfsI9lm
83,KMT,Drake,5662270,https://open.spotify.com/track/2jTujnt0y344ai1rNOywgr
84,"Cold Water (feat. Justin Bieber & MØ)","Major Lazer",5648746,https://open.spotify.com/track/6DNtNfH8hXkqOX1sjqmI7p
85,"Supermarket Flowers","Ed Sheeran",5632150,https://open.spotify.com/track/4VuS959DSpr82t3qBqCrWG
86,"Madiba Riddim",Drake,5593427,https://open.spotify.com/track/76gUmNLXGQVOsGhfcshkFP
87,"Don't Leave",Snakehips,5582762,https://open.spotify.com/track/0Zx8khUcEfCFK2AEoIhC92
88,"In the Name of Love","Martin Garrix",5553228,https://open.spotify.com/track/23L5CiUhw2jV1OIMwthR3S
89,"Just Hold On","Steve Aoki",5546284,https://open.spotify.com/track/3EmmCZoqpWOTY1g2GBwJoR
90,"I Got You","Bebe Rexha",5537135,https://open.spotify.com/track/1FUViuNSldssMIawrOXF2i
91,Everybody,Logic,5529670,https://open.spotify.com/track/51sVgPeBHYwbeM1cWegVqR
92,Barcelona,"Ed Sheeran",5518051,https://open.spotify.com/track/3Lfiu5sZ4M4B6JaKMBc0FU
93,"CAN'T STOP THE FEELING! (Original Song from DreamWorks Animation's ""TROLLS"")","Justin Timberlake",5499391,https://open.spotify.com/track/6JV2JOEocMgcZxYSZelKcc
94,Everyday,"Ariana Grande",5487710,https://open.spotify.com/track/6yL2kTsdVwYnGwPkKGtMd5
95,History,"Olivia Holt",5360388,https://open.spotify.com/track/0WCEaydwN65cvwaW8aqptF
96,"Sola (Remix) [feat. Daddy Yankee, Wisin, Farruko, Zion & Lennox]","Anuel Aa",5356393,https://open.spotify.com/track/5q2JbCNi4FcnglgPfxcV65
97,Sacrifices,Drake,5354367,https://open.spotify.com/track/0xl1w2q4VLojeXp4JfazPL
98,"No Long Talk",Drake,5299228,https://open.spotify.com/track/6CfrYuD3YRDYdYvH9jNtXY
99,"Hey Ma (with Pitbull & J Balvin feat. Camila Cabello) - Spanish Version",Pitbull,5278900,https://open.spotify.com/track/6DRGwsUFQrNerxRexK7KMB
100,"Side To Side","Ariana Grande",5250103,https://open.spotify.com/track/4pLwZjInHj3SimIyN9SnOz
101,"How Would You Feel (Paean)","Ed Sheeran",5212093,https://open.spotify.com/track/6PJ8FF6UR8FZXfEvpHkIVN
102,goosebumps,"Travis Scott",5112142,https://open.spotify.com/track/6gBFPUFcJLzWGx4lenP6h2
103,"All Night (feat. Knox Fortune)","Chance The Rapper",5025155,https://open.spotify.com/track/60xaS8mYBKUW4VQQ666N0T
104,"Me Llamas (feat. Maluma) - Remix","Piso 21",5003520,https://open.spotify.com/track/5hEM0JchdVzQ5PwvSfITeX
105,Safari,"J Balvin",5001393,https://open.spotify.com/track/6rQSrBHf7HlZjtcMZ4S4bO
106,"No Promises (feat. Demi Lovato)","Cheat Codes",4998682,https://open.spotify.com/track/1louJpMmzEicAn7lzDalPW
107,"My Way","Calvin Harris",4979109,https://open.spotify.com/track/1vvNmPOiUuyCbgWmtc6yfm
108,"Treat You Better","Shawn Mendes",4956147,https://open.spotify.com/track/76t5B0ttSAje5KHmQbv88t
109,4422,Drake,4930749,https://open.spotify.com/track/2fkeWbM6iqTw7oGHTYm2lw
110,"Hay Mi Dios","El Chacal",4875569,https://open.spotify.com/track/6wWiQShJzwI6kYYGucAFnN
111,"Nancy Mulligan","Ed Sheeran",4851025,https://open.spotify.com/track/35QZaWQRkmnAVqBF1TLCxQ
112,Heathens,"Twenty One Pilots",4842342,https://open.spotify.com/track/6i0V12jOa3mr6uu4WYhUBr
113,"Bad Things - With Camila Cabello","Machine Gun Kelly",4829197,https://open.spotify.com/track/6H2TKJ9KJfcq6MRmw2cF20
114,"I Took A Pill In Ibiza - Seeb Remix","Mike Posner",4797139,https://open.spotify.com/track/17Fd6Yb7mSbinKG8LoWfFl
115,Redbone,"Childish Gambino",4744461,https://open.spotify.com/track/3kxfsdsCpFgN412fpnW85Y
116,"Vente Pa' Ca","Ricky Martin",4743444,https://open.spotify.com/track/7DM4BPaS7uofFul3ywMe46
117,Rolex,"Ayo & Teo",4700169,https://open.spotify.com/track/0pSBuHjILhNEo55xK1zrRt
118,"Black Beatles","Rae Sremmurd",4663165,https://open.spotify.com/track/6fujklziTHa8uoM5OQSfIo
119,Mercy,"Shawn Mendes",4622114,https://open.spotify.com/track/3OalxlWH0v14kyBcNBMINt
120,"Jorja Interlude",Drake,4609506,https://open.spotify.com/track/13e6f8t7RKXuxZ0JdaaJRG
121,"Good Life (with G-Eazy & Kehlani)",G-Eazy,4579267,https://open.spotify.com/track/0Oa9mHOnH14GZ4toWwkf4c
122,Photograph,"Ed Sheeran",4571455,https://open.spotify.com/track/1HNkqx9Ahdgi1Ixy2xkKkL
123,Human,"Rag'n'Bone Man",4522738,https://open.spotify.com/track/58zsLZPvfflaiIbNWoA22O
124,"We Don't Talk Anymore (feat. Selena Gomez)","Charlie Puth",4502388,https://open.spotify.com/track/06KyNuuMOX1ROXRhj787tj
125,"Hearts Don't Break Around Here","Ed Sheeran",4413001,https://open.spotify.com/track/2dfHh7ECGxfNqZTQno09Vk
126,"Do Not Disturb",Drake,4383999,https://open.spotify.com/track/2KvHC9z14GSl4YpkNMX384
127,"Shed a Light","Robin Schulz",4363239,https://open.spotify.com/track/1cG0umU5TKStygKsPFZ9pY
128,"At My Best (feat. Hailee Steinfeld)","Machine Gun Kelly",4354436,https://open.spotify.com/track/5DEp4UmhxN7OLnYQacWZhh
129,"Be The One","Dua Lipa",4347496,https://open.spotify.com/track/1ixphys4A3NEXp6MDScfih
130,Moves,"Big Sean",4342144,https://open.spotify.com/track/0Fv5N0cHBsl4bzCbollCAS
131,"Stressed Out","Twenty One Pilots",4319084,https://open.spotify.com/track/3CRDbSIZ4r5MsZ0YwxuEkn
132,"Thinking Out Loud","Ed Sheeran",4314993,https://open.spotify.com/track/34gCuhDGsG4bRPIf9bb02f
133,"Cheap Thrills",Sia,4276664,https://open.spotify.com/track/27SdWb2rFzO6GWiYDBTD9j
134,Skin,"Rag'n'Bone Man",4254030,https://open.spotify.com/track/6y2Kaz9QI01XBKJ8mTb7Pf
135,Caroline,Aminé,4245511,https://open.spotify.com/track/5GFDrUTLGJix84sNhjCG0g
136,"Scars To Your Beautiful","Alessia Cara",4239109,https://open.spotify.com/track/42ydLwx4i5V49RXHOozJZq
137,"Sooner Or Later","Aaron Carter",4217390,https://open.spotify.com/track/4mqvE5F95nKSUrUvUH3YB7
138,"All We Know","The Chainsmokers",4190297,https://open.spotify.com/track/2rizacJSyD9S1IQUxUxnsK
139,Faded,"Alan Walker",4181839,https://open.spotify.com/track/1brwdYwjltrJo7WHpIvbYt
140,"Broccoli (feat. Lil Yachty)",D.R.A.M.,4151340,https://open.spotify.com/track/7yyRTcZmCiyzzJlNzGC9Ol
141,"Love Yourself","Justin Bieber",4130449,https://open.spotify.com/track/3hB5DgAiMAQ4DzYbsMq1IT
142,Ride,"Twenty One Pilots",4129002,https://open.spotify.com/track/2Z8WuEywRWYTKe1NybPQEW
143,"This Is What You Came For","Calvin Harris",4104664,https://open.spotify.com/track/0azC730Exh71aQlOt9Zj3y
144,Down,"Marian Hill",4074108,https://open.spotify.com/track/5eCkuGPZNl4mISFNPgr3Dd
145,Eraser,"Ed Sheeran",4070600,https://open.spotify.com/track/7oolFzHipTMg2nL7shhdz2
146,Vacaciones,Wisin,4056511,https://open.spotify.com/track/3dQDid3IUNhZy1OehIfYfE
147,"The Other",Lauv,4038108,https://open.spotify.com/track/3ZD3kjn80pQ9keYO8eqp9d
148,"Sunset Lover","Petit Biscuit",4036058,https://open.spotify.com/track/0hNduWmlWmEmuwEFcYvRu1
149,"Work from Home","Fifth Harmony",4027546,https://open.spotify.com/track/4tCtwWceOPWzenK2HAIJSb
150,"Ice Melts",Drake,4024308,https://open.spotify.com/track/7bJ4mu7MHa3rHiNyKjOoSl
151,Alone,"Alan Walker",4012341,https://open.spotify.com/track/3ujORpm8Hf7QWEtfqSAZL8
152,"Alguien Robo","Sebastian Yatra",4006711,https://open.spotify.com/track/5i50gKdLAjjIr7UxRT5IVy
153,"Perfect Strangers","Jonas Blue",3999820,https://open.spotify.com/track/1CUVN2kn7mW5FjkqXTR2W1
154,"Water Under the Bridge",Adele,3983075,https://open.spotify.com/track/4vb4mFvYsr2h6enhjJsq9Y
155,"Te Quiero Pa´Mi","Don Omar",3943004,https://open.spotify.com/track/3BY2mafsbsoKGqS380Xnuz
156,"Bibia Be Ye Ye","Ed Sheeran",3923391,https://open.spotify.com/track/6SznMYPQJHzr3IwsAHLId2
157,"Beauty and the Beast - From ""Beauty and the Beast""","Ariana Grande",3912724,https://open.spotify.com/track/6e6ag4qyhhn8JRF1xmMJYR
158,"Party Monster","The Weeknd",3882768,https://open.spotify.com/track/4F7A0DXBrmUAkp32uenhZt
159,Thumbs,"Sabrina Carpenter",3880789,https://open.spotify.com/track/6WC5fhc9XMaCrUNKNjm9xE
160,Sorry,"Justin Bieber",3866865,https://open.spotify.com/track/69bp2EbF7Q2rqc5N3ylezZ
161,"Versace On The Floor","Bruno Mars",3853871,https://open.spotify.com/track/0kN8xEmgMW9mh7UmDYHlJP
162,"Ciao Adios",Anne-Marie,3836523,https://open.spotify.com/track/3EfugazgSddQvzZpkof5I4
163,Traicionera,"Sebastian Yatra",3834469,https://open.spotify.com/track/5J1c3M4EldCfNxXwrwt8mT
164,"Skepta Interlude",Drake,3723035,https://open.spotify.com/track/2dfqS3MRtbLZSZA1IL8xY5
165,Panda,Desiigner,3659884,https://open.spotify.com/track/5OOkp4U9P9oL23maHFHL1h
166,TG4M,"Zara Larsson",3658433,https://open.spotify.com/track/4uoumbAMEMaKdtiv763jKz
167,"Save Myself","Ed Sheeran",3618850,https://open.spotify.com/track/6TIU9Ehmi6dMzZK73Ym4yj
168,"Gyal You A Party Animal - Remix","Charly Black",3618225,https://open.spotify.com/track/1AkTW13ysu0AJrwuM6UY0I
169,"This Girl (Kungs Vs. Cookin' On 3 Burners) - Kungs Vs. Cookin' On 3 Burners",Kungs,3607715,https://open.spotify.com/track/0tICYNayWWhH9GPeFrfjfD
170,"No Lie","Sean Paul",3607289,https://open.spotify.com/track/3cFsmM51N5zMAuu1nNY4Tw
171,"Deja vu","Prince Royce",3571552,https://open.spotify.com/track/46HdsiK0uR26B2dY9QPzda
172,"Can't Have Everything",Drake,3534658,https://open.spotify.com/track/5f5r2N4Lp9WoULWPH9zp2W
173,"By Your Side","Jonas Blue",3518688,https://open.spotify.com/track/1D3ODoXHBLpdxolZRHWV1j
174,"Sucker For Pain (with Wiz Khalifa, Imagine Dragons, Logic & Ty Dolla $ign feat. X Ambassadors)","Lil Wayne",3512791,https://open.spotify.com/track/4dASQiO1Eoo3RJvt74FtXB
175,"Lights Down Low",MAX,3492972,https://open.spotify.com/track/1sYSP7gKa5kdKIfhANfori
176,"No Problem (feat. Lil Wayne & 2 Chainz)","Chance The Rapper",3482766,https://open.spotify.com/track/0v9Wz8o0BT8DU38R4ddjeH
177,"La Bicicleta","Carlos Vives",3475125,https://open.spotify.com/track/43it4kot08akLzFIEMhXNN
178,"7 Years","Lukas Graham",3454021,https://open.spotify.com/track/5kqIPrATaCc2LqxVWzQGbk
179,"Lean On (feat. MØ & DJ Snake)","Major Lazer",3444822,https://open.spotify.com/track/4WjH9Bzt3kx7z8kl0awxh4
180,"Dile Que Tu Me Quieres",Ozuna,3417697,https://open.spotify.com/track/7eWjKYlhZyM8kPz6JJ35aN
181,"Cake By The Ocean",DNCE,3405520,https://open.spotify.com/track/2aFiaMXmWsM3Vj72F9ksBl
182,"i hate u, i love u (feat. olivia o'brien)",gnash,3398472,https://open.spotify.com/track/7vRriwrloYVaoAe3a9wJHe
183,"Million Reasons","Lady Gaga",3361107,https://open.spotify.com/track/50PWlIBU7PlGGwzgN8TiFJ
184,"I Love You","Axwell /\ Ingrosso",3355796,https://open.spotify.com/track/11Fo4dAH31K7UZHGqCkCmE
185,"Too Good",Drake,3344652,https://open.spotify.com/track/11KJSRSgaDxqydKYiD2Jew
186,"Lush Life","Zara Larsson",3344187,https://open.spotify.com/track/1rIKgCH4H52lrvDcz50hS8
187,"Nothings Into Somethings",Drake,3334193,https://open.spotify.com/track/6MbH1QiphMCPTqVEVC7UYi
188,Glow,Drake,3331368,https://open.spotify.com/track/28irpKCCK9nn9DZSik2zEx
189,"X (feat. Future)","21 Savage",3328271,https://open.spotify.com/track/6fwdbPMwP1zVStm8FybmkO
190,"I Would Like","Zara Larsson",3313460,https://open.spotify.com/track/4Q4jmPHwu0wrJvqrld0FQ6
191,"Light My Body Up (feat. Nicki Minaj & Lil Wayne)","David Guetta",3309613,https://open.spotify.com/track/3vgNmjuRDnGLxUFGCLkwpm
192,"Light It Up (feat. Nyla & Fuse ODG) - Remix","Major Lazer",3281977,https://open.spotify.com/track/6lDo13SSgTv0WbyUQKgnjk
193,"The Scientist",Coldplay,3265725,https://open.spotify.com/track/75JFxkI2RXiU7L9VXzMkle
194,"Andas En Mi Cabeza","Chino & Nacho",3223402,https://open.spotify.com/track/5mey7CLLuFToM2P68Qu1gF
195,Controlla,Drake,3221945,https://open.spotify.com/track/4CpKEkdGbOJV51cSvx7SoG
196,"Pretty Girl - Cheat Codes X CADE Remix","Maggie Lindemann",3199491,https://open.spotify.com/track/39IsH7B5byx8NRlEKlZVg9
197,"Lose You",Drake,3169430,https://open.spotify.com/track/2Na0z2gfN67Rzf0vp74Wi3
198,Work,Rihanna,3150554,https://open.spotify.com/track/14WWzenpaEgQZlqPq2nk4v
199,"Into You","Ariana Grande",3149233,https://open.spotify.com/track/7yHEDfrJNd0zWOfXwydNH0
200,"Now and Later","Sage The Gemini",3146762,https://open.spotify.com/track/43jBqV3j3Xi1g6wO0bhIMd
Position,"Track Name",Artist,Streams,URL
1,"Shape of You","Ed Sheeran",42726692,https://open.spotify.com/track/7qiZfU4dY1lWllzX7mPBI3
2,"Something Just Like This","The Chainsmokers",31226484,https://open.spotify.com/track/6RUKPb4LETWmmr3iAEQktW
3,"It Ain't Me (with Selena Gomez)",Kygo,27041684,https://open.spotify.com/track/3eR23VReFzcdmS7TYCrhCe
4,HUMBLE.,"Kendrick Lamar",26426307,https://open.spotify.com/track/31c9IHwCIONmUYW0jL7Riz
5,Passionfruit,Drake,26284165,https://open.spotify.com/track/5mCPDVBb16L4XQwDdbRUpz
6,"Mask Off",Future,25847893,https://open.spotify.com/track/3rOSwuTsUlJp0Pu0MkN8r8
7,"That's What I Like","Bruno Mars",23602385,https://open.spotify.com/track/0KKkJNfGyhkQ5aFogxQAPU
8,"Stay (with Alessia Cara)",Zedd,23053599,https://open.spotify.com/track/0dA2Mk56wEzDgegdC6R17g
9,"Despacito (Featuring Daddy Yankee)","Luis Fonsi",21885685,https://open.spotify.com/track/4aWmUDTfIPGksMNLV2rQP2
10,Paris,"The Chainsmokers",21831128,https://open.spotify.com/track/72jbDTw1piOOj770jWNeaG
11,Symphony,"Clean Bandit",21433880,https://open.spotify.com/track/4SPLWgCPoKwULz2UTM8TKg
12,"Galway Girl","Ed Sheeran",19997353,https://open.spotify.com/track/0afhq8XCExXpqazXczTSve
13,Slide,"Calvin Harris",18129547,https://open.spotify.com/track/6gpcs5eMhJwax4mIfKDYQk
14,"Sign of the Times","Harry Styles",17948140,https://open.spotify.com/track/5ELRkzdzz0HvGpMDlfZHkV
15,"Scared to Be Lonely","Martin Garrix",17210944,https://open.spotify.com/track/3ebXMykcMXOcLeJ9xZ17XH
16,Issues,"Julia Michaels",17144606,https://open.spotify.com/track/1sXUWdKx03aP9Gmzft58rt
17,"Swalla (feat. Nicki Minaj & Ty Dolla $ign)","Jason Derulo",17134982,https://open.spotify.com/track/6kex4EBAj0WHXDKZMEJaaF
18,"The One","The Chainsmokers",15319986,https://open.spotify.com/track/0wfbD5rAksdXUzRvMfM3x5
19,"You Don't Know Me","Jax Jones",14884492,https://open.spotify.com/track/2SZy40PLDk3vFucXUGFCFA
20,"I Don’t Wanna Live Forever (Fifty Shades Darker) - From ""Fifty Shades Darker (Original Motion Picture Soundtrack)""",ZAYN,14724728,https://open.spotify.com/track/3NdDpSvN911VPGivFlV5d0
21,Cold,"Maroon 5",14196906,https://open.spotify.com/track/5NNlUMcOEOdoOIwwaWXv0k
22,"iSpy (feat. Lil Yachty)",Kyle,14064647,https://open.spotify.com/track/2EEeOnHehOozLq4aS0n6SL
23,"Rockabye (feat. Sean Paul & Anne-Marie)","Clean Bandit",13949754,https://open.spotify.com/track/5knuzwU65gJK7IF5yJsuaW
24,Believer,"Imagine Dragons",13906351,https://open.spotify.com/track/6VRghJeP6I0w1KxkdWFfIh
25,"XO TOUR Llif3","Lil Uzi Vert",13730529,https://open.spotify.com/track/2eMwDehkIC1j68U6FA3Eiq
26,"Castle on the Hill","Ed Sheeran",12656839,https://open.spotify.com/track/6PCUP3dWmTjcTtXY02oFdT
27,"Call On Me - Ryan Riback Extended Remix",Starley,12366129,https://open.spotify.com/track/78rIJddV4X0HkNAInEcYde
28,"Chained To The Rhythm","Katy Perry",12330015,https://open.spotify.com/track/5ndfVSDyPq90jaIUhNPeby
29,"Solo Dance","Martin Jensen",12133568,https://open.spotify.com/track/6HUnnBwYZqcED1eQztxMBN
30,Closer,"The Chainsmokers",12094594,https://open.spotify.com/track/7BKLCZ1jbUBVqRi2FVlTVw
31,"I Feel It Coming","The Weeknd",12085504,https://open.spotify.com/track/4RepvCWqsP6zBuzvwYibAS
32,Portland,Drake,12069085,https://open.spotify.com/track/2bjwRfXMk4uRgOD9IBYl9h
33,"SUBEME LA RADIO","Enrique Iglesias",11690628,https://open.spotify.com/track/7nKBxz47S9SD79N086fuhn
34,Location,Khalid,10941807,https://open.spotify.com/track/152lZdxL1OR0ZMW6KquMif
35,"Say You Won't Let Go","James Arthur",10899251,https://open.spotify.com/track/5uCax9HTNlzGybIStD3vDh
36,Starboy,"The Weeknd",10721973,https://open.spotify.com/track/5aAx2yezTd8zXrkmtKl66Z
37,"Green Light",Lorde,10688733,https://open.spotify.com/track/1WC5UN1U79gJlxGLYDGIO7
38,Congratulations,"Post Malone",10586766,https://open.spotify.com/track/3a1lNhkSLSkpJE4MSHpDu9
39,Perfect,"Ed Sheeran",10516185,https://open.spotify.com/track/0tgVpDi06FyKpA1z0VMD4v
40,"Me Rehúso","Danny Ocean",10436001,https://open.spotify.com/track/6Zosz8w6CmdGMZM6p4JlbQ
41,"Run Up (feat. PARTYNEXTDOOR & Nicki Minaj)","Major Lazer",10120536,https://open.spotify.com/track/0fg8CqpjdojMyXLNzM2PaJ
42,"Tunnel Vision","Kodak Black",10051683,https://open.spotify.com/track/4Q3N4Ct4zCuIHuZ65E3BD4
43,Chantaje,Shakira,10005449,https://open.spotify.com/track/1WniHvhq9zTkny0WvGXX8o
44,"El Amante","Nicky Jam",9910645,https://open.spotify.com/track/3umS4y3uQDkqekNjVpiRUs
45,Selfish,Future,9887314,https://open.spotify.com/track/2Ce5IyMlVRVvN997ZJjJJA
46,"Fake Love",Drake,9423363,https://open.spotify.com/track/343YBumqHu19cGoGARUTsd
47,Weak,AJR,9390916,https://open.spotify.com/track/3TJk0aoXM0knrOlgd1fnbx
48,Blem,Drake,9089684,https://open.spotify.com/track/2XlHu0HcujBCkWMdIAvrqt
49,"How Far I'll Go - From ""Moana""","Alessia Cara",9085129,https://open.spotify.com/track/5hYTyyh2odQKphUbMqc5gN
50,"Now Or Never",Halsey,9063350,https://open.spotify.com/track/3Px934J0dBoCmpUhUuCQkD
51,Happier,"Ed Sheeran",8965926,https://open.spotify.com/track/2RttW7RAu5nOAfq6YFvApB
52,"Still Got Time",ZAYN,8592088,https://open.spotify.com/track/000xQL6tZNLJzIrtIgxqSl
53,"September Song","JP Cooper",8214475,https://open.spotify.com/track/0FuTx2s3YH1ppmtiM6l0zI
54,"Bad and Boujee (feat. Lil Uzi Vert)",Migos,8036146,https://open.spotify.com/track/4Km5HrUvYTaSUfiSGPJeQR
55,"Break Up Every Night","The Chainsmokers",7865918,https://open.spotify.com/track/6cPyTS0Kk2sc4xQwC93kOg
56,"Bounce Back","Big Sean",7611761,https://open.spotify.com/track/0SGkqnVQo9KPytSri1H6cF
57,"Let Me Love You","DJ Snake",7602016,https://open.spotify.com/track/4pdPtRcBmOSQDlJ3Fk945m
58,Gyalchester,Drake,7589931,https://open.spotify.com/track/6UjfByV1lDLW0SOVQA4NAi
59,"One Dance",Drake,7509349,https://open.spotify.com/track/1xznGGDReH1oQq0xzbwXa3
60,Touch,"Little Mix",7479966,https://open.spotify.com/track/5Ua3GXyHwiSfpNTMjq6m2z
61,"24K Magic","Bruno Mars",6824448,https://open.spotify.com/track/6b8Be6ljOzmkOmFslEb23P
62,"Tuesday (feat. Danelle Sandoval)","Burak Yeter",6793074,https://open.spotify.com/track/7EVk9tRb6beJLTHrg6AkY9
63,Dive,"Ed Sheeran",6675303,https://open.spotify.com/track/51ChrwmUPDJvedPQnIU8Ls
64,"Body Like A Back Road","Sam Hunt",6572021,https://open.spotify.com/track/7mldq42yDuxiUNn08nvzHO
65,"Otra Vez (feat. J Balvin)","Zion & Lennox",6498729,https://open.spotify.com/track/3QwBODjSEzelZyVjxPOHdq
66,"Reggaetón Lento (Bailemos)",CNCO,6459082,https://open.spotify.com/track/3AEZUABDXNtecAOSC1qTfo
67,T-Shirt,Migos,6421953,https://open.spotify.com/track/7KOlJ92bu51cltsD9KU5I7
68,Heatstroke,"Calvin Harris",6411175,https://open.spotify.com/track/1N90cV79gbBgO0bOs74Y0t
69,"Don't Wanna Know","Maroon 5",6346549,https://open.spotify.com/track/5MFzQMkrl1FOOng9tq6R9r
70,"Look At Me!",Xxxtentacion,6256230,https://open.spotify.com/track/7floNISpH8VF4z4459Qo18
71,Swang,"Rae Sremmurd",6251846,https://open.spotify.com/track/6mapJIPnQ23RTAevUoE0DL
72,"Sigo Extrañándote","J Balvin",6225996,https://open.spotify.com/track/6qDF4wWL49CAVbgT7yuHl8
73,"La Rompe Corazones","Daddy Yankee",6121850,https://open.spotify.com/track/4okba5wu9mMLXx79DXLKi3
74,Starving,"Hailee Steinfeld",6120692,https://open.spotify.com/track/1qOLh0tI7trd1zdDKxYZTe
75,"All Time Low","Jon Bellion",6028393,https://open.spotify.com/track/1CnPYaKxTVb4LWOtiGOm0m
76,"No Promises (feat. Demi Lovato)","Cheat Codes",5991471,https://open.spotify.com/track/1louJpMmzEicAn7lzDalPW
77,"Don't Let Me Down","The Chainsmokers",5975166,https://open.spotify.com/track/0QsvXIfqM0zZoerQfsI9lm
78,"Free Smoke",Drake,5860080,https://open.spotify.com/track/05KOgYg8PGeJyyWBPi5ja8
79,"What Do I Know?","Ed Sheeran",5844935,https://open.spotify.com/track/2pJZ1v8HezrAoZ0Fhzby92
80,"Hear Me Now",Alok,5803505,https://open.spotify.com/track/1a5Yu5L18qNxVhXx38njON
81,"All Night","The Vamps",5748907,https://open.spotify.com/track/1yNyoWWWikbLhwIGWjZuDW
82,"Pretty Girl - Cheat Codes X CADE Remix","Maggie Lindemann",5562357,https://open.spotify.com/track/39IsH7B5byx8NRlEKlZVg9
83,Bloodstream,"The Chainsmokers",5543260,https://open.spotify.com/track/26AuyrZGzWWiYZPSd3XBIg
84,"Cold Water (feat. Justin Bieber & MØ)","Major Lazer",5538973,https://open.spotify.com/track/6DNtNfH8hXkqOX1sjqmI7p
85,"In the Name of Love","Martin Garrix",5502581,https://open.spotify.com/track/23L5CiUhw2jV1OIMwthR3S
86,"Hey Ma (with Pitbull & J Balvin feat. Camila Cabello) - Spanish Version",Pitbull,5484660,https://open.spotify.com/track/6DRGwsUFQrNerxRexK7KMB
87,"New Man","Ed Sheeran",5417395,https://open.spotify.com/track/5HDPtsnyb3maFmPL8LLUTG
88,Everyday,"Ariana Grande",5415690,https://open.spotify.com/track/6yL2kTsdVwYnGwPkKGtMd5
89,"CAN'T STOP THE FEELING! (Original Song from DreamWorks Animation's ""TROLLS"")","Justin Timberlake",5415079,https://open.spotify.com/track/6JV2JOEocMgcZxYSZelKcc
90,"Sola (Remix) [feat. Daddy Yankee, Wisin, Farruko, Zion & Lennox]","Anuel Aa",5405710,https://open.spotify.com/track/5q2JbCNi4FcnglgPfxcV65
91,"Don't Say","The Chainsmokers",5398444,https://open.spotify.com/track/1pJQAHpD51J7GYaFrrFO9S
92,goosebumps,"Travis Scott",5315654,https://open.spotify.com/track/6gBFPUFcJLzWGx4lenP6h2
93,"Teenage Fever",Drake,5239268,https://open.spotify.com/track/6n3HGiq4v35D6eFOSwqYuo
94,"Just Hold On","Steve Aoki",5230230,https://open.spotify.com/track/3EmmCZoqpWOTY1g2GBwJoR
95,"Get It Together",Drake,5180487,https://open.spotify.com/track/7y6c07pgjZvtHI9kuMVqk1
96,Honest,"The Chainsmokers",5170856,https://open.spotify.com/track/6KjbNLbRjuoa8rEq5yNA6H
97,"Good Life (with G-Eazy & Kehlani)",G-Eazy,5167783,https://open.spotify.com/track/0Oa9mHOnH14GZ4toWwkf4c
98,"Side To Side","Ariana Grande",5129897,https://open.spotify.com/track/4pLwZjInHj3SimIyN9SnOz
99,Rolex,"Ayo & Teo",5103721,https://open.spotify.com/track/0pSBuHjILhNEo55xK1zrRt
100,"Treat You Better","Shawn Mendes",4914766,https://open.spotify.com/track/76t5B0ttSAje5KHmQbv88t
101,"My Type","The Chainsmokers",4905326,https://open.spotify.com/track/6V9kwssTrwkKT72imgowj9
102,"Me Llamas (feat. Maluma) - Remix","Piso 21",4880050,https://open.spotify.com/track/5hEM0JchdVzQ5PwvSfITeX
103,Redbone,"Childish Gambino",4839993,https://open.spotify.com/track/3kxfsdsCpFgN412fpnW85Y
104,"Hay Mi Dios","El Chacal",4829988,https://open.spotify.com/track/6wWiQShJzwI6kYYGucAFnN
105,"Supermarket Flowers","Ed Sheeran",4771913,https://open.spotify.com/track/4VuS959DSpr82t3qBqCrWG
106,History,"Olivia Holt",4742688,https://open.spotify.com/track/0WCEaydwN65cvwaW8aqptF
107,"I Took A Pill In Ibiza - Seeb Remix","Mike Posner",4724678,https://open.spotify.com/track/17Fd6Yb7mSbinKG8LoWfFl
108,Heathens,"Twenty One Pilots",4705951,https://open.spotify.com/track/6i0V12jOa3mr6uu4WYhUBr
109,Barcelona,"Ed Sheeran",4700167,https://open.spotify.com/track/3Lfiu5sZ4M4B6JaKMBc0FU
110,"My Way","Calvin Harris",4688406,https://open.spotify.com/track/1vvNmPOiUuyCbgWmtc6yfm
111,"Love On The Brain",Rihanna,4686293,https://open.spotify.com/track/2aksifNn5ph8igDOkPBA02
112,"Vente Pa' Ca","Ricky Martin",4643818,https://open.spotify.com/track/7DM4BPaS7uofFul3ywMe46
113,"Escápate Conmigo",Wisin,4637255,https://open.spotify.com/track/2cnKEkpVUSV4wnjQiTWfH6
114,Safari,"J Balvin",4620030,https://open.spotify.com/track/6rQSrBHf7HlZjtcMZ4S4bO
115,"It Won't Kill Ya","The Chainsmokers",4612612,https://open.spotify.com/track/5xhJmd0I15jFcEdqxfCzKk
116,Mercy,"Shawn Mendes",4583077,https://open.spotify.com/track/3OalxlWH0v14kyBcNBMINt
117,"Ciao Adios",Anne-Marie,4505896,https://open.spotify.com/track/3EfugazgSddQvzZpkof5I4
118,Human,"Rag'n'Bone Man",4503927,https://open.spotify.com/track/58zsLZPvfflaiIbNWoA22O
119,"All Night (feat. Knox Fortune)","Chance The Rapper",4498450,https://open.spotify.com/track/60xaS8mYBKUW4VQQ666N0T
120,Skin,"Rag'n'Bone Man",4490207,https://open.spotify.com/track/6y2Kaz9QI01XBKJ8mTb7Pf
121,"Black Beatles","Rae Sremmurd",4490155,https://open.spotify.com/track/6fujklziTHa8uoM5OQSfIo
122,"How Would You Feel (Paean)","Ed Sheeran",4462816,https://open.spotify.com/track/6PJ8FF6UR8FZXfEvpHkIVN
123,Young,"The Chainsmokers",4461249,https://open.spotify.com/track/1KeZgPUr54C8iz3FjqzVoz
124,Photograph,"Ed Sheeran",4425427,https://open.spotify.com/track/1HNkqx9Ahdgi1Ixy2xkKkL
125,"Bad Things - With Camila Cabello","Machine Gun Kelly",4408209,https://open.spotify.com/track/6H2TKJ9KJfcq6MRmw2cF20
126,"We Don't Talk Anymore (feat. Selena Gomez)","Charlie Puth",4369217,https://open.spotify.com/track/06KyNuuMOX1ROXRhj787tj
127,KMT,Drake,4276240,https://open.spotify.com/track/2jTujnt0y344ai1rNOywgr
128,"Don't Leave",Snakehips,4275354,https://open.spotify.com/track/0Zx8khUcEfCFK2AEoIhC92
129,"Cheap Thrills",Sia,4249243,https://open.spotify.com/track/27SdWb2rFzO6GWiYDBTD9j
130,"Stressed Out","Twenty One Pilots",4238938,https://open.spotify.com/track/3CRDbSIZ4r5MsZ0YwxuEkn
131,"All We Know","The Chainsmokers",4231467,https://open.spotify.com/track/2rizacJSyD9S1IQUxUxnsK
132,"Be The One","Dua Lipa",4217540,https://open.spotify.com/track/1ixphys4A3NEXp6MDScfih
133,"Broccoli (feat. Lil Yachty)",D.R.A.M.,4208680,https://open.spotify.com/track/7yyRTcZmCiyzzJlNzGC9Ol
134,Faded,"Alan Walker",4186263,https://open.spotify.com/track/1brwdYwjltrJo7WHpIvbYt
135,"I Got You","Bebe Rexha",4146998,https://open.spotify.com/track/1FUViuNSldssMIawrOXF2i
136,Everybody,Logic,4139856,https://open.spotify.com/track/51sVgPeBHYwbeM1cWegVqR
137,"Madiba Riddim",Drake,4129502,https://open.spotify.com/track/76gUmNLXGQVOsGhfcshkFP
138,"Shed a Light","Robin Schulz",4126507,https://open.spotify.com/track/1cG0umU5TKStygKsPFZ9pY
139,"Last Day Alive","The Chainsmokers",4097419,https://open.spotify.com/track/6GeD5g9vZTz25Egf8kxoIY
140,"Thinking Out Loud","Ed Sheeran",4084794,https://open.spotify.com/track/34gCuhDGsG4bRPIf9bb02f
141,Ride,"Twenty One Pilots",4076528,https://open.spotify.com/track/2Z8WuEywRWYTKe1NybPQEW
142,Moves,"Big Sean",4067265,https://open.spotify.com/track/0Fv5N0cHBsl4bzCbollCAS
143,"Nancy Mulligan","Ed Sheeran",4057942,https://open.spotify.com/track/35QZaWQRkmnAVqBF1TLCxQ
144,Vacaciones,Wisin,4057069,https://open.spotify.com/track/3dQDid3IUNhZy1OehIfYfE
145,"At My Best (feat. Hailee Steinfeld)","Machine Gun Kelly",4029566,https://open.spotify.com/track/5DEp4UmhxN7OLnYQacWZhh
146,"The Heart Part 4","Kendrick Lamar",4028514,https://open.spotify.com/track/41eiwHEX8iegmqmS2cf7oX
147,Sacrifices,Drake,4028329,https://open.spotify.com/track/0xl1w2q4VLojeXp4JfazPL
148,Caroline,Aminé,4022544,https://open.spotify.com/track/5GFDrUTLGJix84sNhjCG0g
149,"Scars To Your Beautiful","Alessia Cara",4015155,https://open.spotify.com/track/42ydLwx4i5V49RXHOozJZq
150,"Work from Home","Fifth Harmony",4009016,https://open.spotify.com/track/4tCtwWceOPWzenK2HAIJSb
151,"This Is What You Came For","Calvin Harris",4004459,https://open.spotify.com/track/0azC730Exh71aQlOt9Zj3y
152,"Love Yourself","Justin Bieber",4003972,https://open.spotify.com/track/3hB5DgAiMAQ4DzYbsMq1IT
153,"Wake Up Alone","The Chainsmokers",3987128,https://open.spotify.com/track/0dj1CtyRxZ4bnIT4Q20jNT
154,"Alguien Robo","Sebastian Yatra",3971340,https://open.spotify.com/track/5i50gKdLAjjIr7UxRT5IVy
155,"Te Quiero Pa´Mi","Don Omar",3962918,https://open.spotify.com/track/3BY2mafsbsoKGqS380Xnuz
156,"Perfect Strangers","Jonas Blue",3922083,https://open.spotify.com/track/1CUVN2kn7mW5FjkqXTR2W1
157,TG4M,"Zara Larsson",3909642,https://open.spotify.com/track/4uoumbAMEMaKdtiv763jKz
158,"No Long Talk",Drake,3904578,https://open.spotify.com/track/6CfrYuD3YRDYdYvH9jNtXY
159,Alone,"Alan Walker",3890263,https://open.spotify.com/track/3ujORpm8Hf7QWEtfqSAZL8
160,"Water Under the Bridge",Adele,3832406,https://open.spotify.com/track/4vb4mFvYsr2h6enhjJsq9Y
161,Traicionera,"Sebastian Yatra",3799693,https://open.spotify.com/track/5J1c3M4EldCfNxXwrwt8mT
162,"Ahora Dice","Chris Jeday",3799566,https://open.spotify.com/track/22eADXu8DfOAUEDw4vU8qy
163,Sorry,"Justin Bieber",3792346,https://open.spotify.com/track/69bp2EbF7Q2rqc5N3ylezZ
164,Unforgettable,"French Montana",3702971,https://open.spotify.com/track/1F2HXIJrE2Xn81OzT2zZvW
165,"Obsession (feat. Jon Bellion)",Vice,3653045,https://open.spotify.com/track/542Xd5qDeLBvgXZXhfW7LE
166,"No Lie","Sean Paul",3617005,https://open.spotify.com/track/3cFsmM51N5zMAuu1nNY4Tw
167,"This Girl (Kungs Vs. Cookin' On 3 Burners) - Kungs Vs. Cookin' On 3 Burners",Kungs,3589621,https://open.spotify.com/track/0tICYNayWWhH9GPeFrfjfD
168,4422,Drake,3589369,https://open.spotify.com/track/2fkeWbM6iqTw7oGHTYm2lw
169,Panda,Desiigner,3587428,https://open.spotify.com/track/5OOkp4U9P9oL23maHFHL1h
170,"Do Not Disturb",Drake,3585561,https://open.spotify.com/track/2KvHC9z14GSl4YpkNMX384
171,"Versace On The Floor","Bruno Mars",3573180,https://open.spotify.com/track/0kN8xEmgMW9mh7UmDYHlJP
172,"The Other",Lauv,3562485,https://open.spotify.com/track/3ZD3kjn80pQ9keYO8eqp9d
173,"Hearts Don't Break Around Here","Ed Sheeran",3549945,https://open.spotify.com/track/2dfHh7ECGxfNqZTQno09Vk
174,"La Bicicleta","Carlos Vives",3542767,https://open.spotify.com/track/43it4kot08akLzFIEMhXNN
175,"do re mi",Blackbear,3538036,https://open.spotify.com/track/3sTCfUmYXSVWDacTd6uMbQ
176,Down,"Marian Hill",3532092,https://open.spotify.com/track/5eCkuGPZNl4mISFNPgr3Dd
177,"Sunset Lover","Petit Biscuit",3524836,https://open.spotify.com/track/0hNduWmlWmEmuwEFcYvRu1
178,"By Your Side","Jonas Blue",3518136,https://open.spotify.com/track/1D3ODoXHBLpdxolZRHWV1j
179,"Lean On (feat. MØ & DJ Snake)","Major Lazer",3506764,https://open.spotify.com/track/4WjH9Bzt3kx7z8kl0awxh4
180,"Party Monster","The Weeknd",3483246,https://open.spotify.com/track/4F7A0DXBrmUAkp32uenhZt
181,"The Night We Met","Lord Huron",3459322,https://open.spotify.com/track/0QZ5yyl6B6utIWkxeBDxQN
182,"Sucker For Pain (with Wiz Khalifa, Imagine Dragons, Logic & Ty Dolla $ign feat. X Ambassadors)","Lil Wayne",3451147,https://open.spotify.com/track/4dASQiO1Eoo3RJvt74FtXB
183,"7 Years","Lukas Graham",3448054,https://open.spotify.com/track/5kqIPrATaCc2LqxVWzQGbk
184,"No Problem (feat. Lil Wayne & 2 Chainz)","Chance The Rapper",3445596,https://open.spotify.com/track/0v9Wz8o0BT8DU38R4ddjeH
185,"Deja vu","Prince Royce",3416981,https://open.spotify.com/track/46HdsiK0uR26B2dY9QPzda
186,"Dile Que Tu Me Quieres",Ozuna,3405124,https://open.spotify.com/track/7eWjKYlhZyM8kPz6JJ35aN
187,"Jorja Interlude",Drake,3402230,https://open.spotify.com/track/13e6f8t7RKXuxZ0JdaaJRG
188,"Lights Down Low",MAX,3389265,https://open.spotify.com/track/1sYSP7gKa5kdKIfhANfori
189,"Cake By The Ocean",DNCE,3364761,https://open.spotify.com/track/2aFiaMXmWsM3Vj72F9ksBl
190,"X (feat. Future)","21 Savage",3355323,https://open.spotify.com/track/6fwdbPMwP1zVStm8FybmkO
191,"Million Reasons","Lady Gaga",3341504,https://open.spotify.com/track/50PWlIBU7PlGGwzgN8TiFJ
192,Lumbra,"Cali Y El Dandee",3322500,https://open.spotify.com/track/6VHdcVbiKLYYOcMbIqBcuK
193,Devastated,"Joey Bada$$",3299506,https://open.spotify.com/track/69r7LebTGOlEXXmV6BaSuU
194,"Beauty and the Beast - From ""Beauty and the Beast""","Ariana Grande",3298800,https://open.spotify.com/track/6e6ag4qyhhn8JRF1xmMJYR
195,"Light It Up (feat. Nyla & Fuse ODG) - Remix","Major Lazer",3292375,https://open.spotify.com/track/6lDo13SSgTv0WbyUQKgnjk
196,Eraser,"Ed Sheeran",3269172,https://open.spotify.com/track/7oolFzHipTMg2nL7shhdz2
197,"i hate u, i love u (feat. olivia o'brien)",gnash,3240310,https://open.spotify.com/track/7vRriwrloYVaoAe3a9wJHe
198,"I Love You","Axwell /\ Ingrosso",3232983,https://open.spotify.com/track/11Fo4dAH31K7UZHGqCkCmE
199,"Ice Melts",Drake,3216048,https://open.spotify.com/track/7bJ4mu7MHa3rHiNyKjOoSl
200,"Too Good",Drake,3215329,https://open.spotify.com/track/11KJSRSgaDxqydKYiD2Jew
Position,"Track Name",Artist,Streams,URL
1,HUMBLE.,"Kendrick Lamar",41269524,https://open.spotify.com/track/7KXjTSCq5nL1LoYtL7XAwS
2,"Shape of You","Ed Sheeran",38396005,https://open.spotify.com/track/7qiZfU4dY1lWllzX7mPBI3
3,DNA.,"Kendrick Lamar",30933703,https://open.spotify.com/track/6HZILIRieu8S0iqY8kIKhj
4,"Something Just Like This","The Chainsmokers",26680715,https://open.spotify.com/track/6RUKPb4LETWmmr3iAEQktW
5,"It Ain't Me (with Selena Gomez)",Kygo,24514879,https://open.spotify.com/track/3eR23VReFzcdmS7TYCrhCe
6,"Mask Off",Future,23793724,https://open.spotify.com/track/3rOSwuTsUlJp0Pu0MkN8r8
7,Passionfruit,Drake,22708313,https://open.spotify.com/track/7hDc8b7IXETo14hHIHdnhd
8,"LOYALTY. FEAT. RIHANNA.","Kendrick Lamar",22546126,https://open.spotify.com/track/6SwRhMLwNqEi6alNPVG00n
9,"That's What I Like","Bruno Mars",21957157,https://open.spotify.com/track/0KKkJNfGyhkQ5aFogxQAPU
10,ELEMENT.,"Kendrick Lamar",21832141,https://open.spotify.com/track/1EaKU4dMbesXXd3BrLCtYG
11,"Stay (with Alessia Cara)",Zedd,21643140,https://open.spotify.com/track/0dA2Mk56wEzDgegdC6R17g
12,"Symphony (feat. Zara Larsson)","Clean Bandit",20352222,https://open.spotify.com/track/1x5sYLZiu9r5E43kMlt9f8
13,"Despacito (Featuring Daddy Yankee)","Luis Fonsi",20090281,https://open.spotify.com/track/4aWmUDTfIPGksMNLV2rQP2
14,"LOVE. FEAT. ZACARI.","Kendrick Lamar",18211340,https://open.spotify.com/track/6PGoSes0D9eUDeeAafB2As
15,Paris,"The Chainsmokers",17788449,https://open.spotify.com/track/72jbDTw1piOOj770jWNeaG
16,"Galway Girl","Ed Sheeran",17519559,https://open.spotify.com/track/0afhq8XCExXpqazXczTSve
17,"Despacito - Remix","Luis Fonsi",17337776,https://open.spotify.com/track/5CtI0qwDJkDQGwXD1H1cLb
18,YAH.,"Kendrick Lamar",17252818,https://open.spotify.com/track/4BHSjbYylfOH5WAGusDyni
19,"Swalla (feat. Nicki Minaj & Ty Dolla $ign)","Jason Derulo",17152811,https://open.spotify.com/track/6kex4EBAj0WHXDKZMEJaaF
20,FEEL.,"Kendrick Lamar",16470551,https://open.spotify.com/track/2LTlO3NuNVN70lp2ZbVswF
21,"XXX. FEAT. U2.","Kendrick Lamar",16465447,https://open.spotify.com/track/4iYRa2btalAzPZoSYfROqF
22,Issues,"Julia Michaels",15927857,https://open.spotify.com/track/1sXUWdKx03aP9Gmzft58rt
23,Slide,"Calvin Harris",15783955,https://open.spotify.com/track/6gpcs5eMhJwax4mIfKDYQk
24,PRIDE.,"Kendrick Lamar",15705825,https://open.spotify.com/track/6IZvVAP7VPPnsGX6bvgkqg
25,"Scared to Be Lonely","Martin Garrix",15470592,https://open.spotify.com/track/3ebXMykcMXOcLeJ9xZ17XH
26,"Sign of the Times","Harry Styles",15435670,https://open.spotify.com/track/5ELRkzdzz0HvGpMDlfZHkV
27,LUST.,"Kendrick Lamar",14537533,https://open.spotify.com/track/06FCvd7rrRcF3DdvWH5Isp
28,"XO TOUR Llif3","Lil Uzi Vert",13570630,https://open.spotify.com/track/2eMwDehkIC1j68U6FA3Eiq
29,"iSpy (feat. Lil Yachty)",Kyle,13446524,https://open.spotify.com/track/2EEeOnHehOozLq4aS0n6SL
30,BLOOD.,"Kendrick Lamar",13305136,https://open.spotify.com/track/1n4jwRVXdkK2U34nBDUKKT
31,"You Don't Know Me","Jax Jones",13219442,https://open.spotify.com/track/7M16mAuWuFA5rC9HvkXaGx
32,Believer,"Imagine Dragons",12725162,https://open.spotify.com/track/6VRghJeP6I0w1KxkdWFfIh
33,Cold,"Maroon 5",12696494,https://open.spotify.com/track/5NNlUMcOEOdoOIwwaWXv0k
34,"I Don’t Wanna Live Forever (Fifty Shades Darker) - From ""Fifty Shades Darker (Original Motion Picture Soundtrack)""",ZAYN,12609608,https://open.spotify.com/track/3NdDpSvN911VPGivFlV5d0
35,"Rockabye (feat. Sean Paul & Anne-Marie)","Clean Bandit",12491396,https://open.spotify.com/track/5knuzwU65gJK7IF5yJsuaW
36,FEAR.,"Kendrick Lamar",12295793,https://open.spotify.com/track/23luOrEVHMfoX0AhfbQuS6
37,"Solo Dance","Martin Jensen",11369084,https://open.spotify.com/track/6HUnnBwYZqcED1eQztxMBN
38,"The One","The Chainsmokers",11226833,https://open.spotify.com/track/0wfbD5rAksdXUzRvMfM3x5
39,GOD.,"Kendrick Lamar",11197392,https://open.spotify.com/track/5p3NP9mQblDsVJLdfNZJ3I
40,"Call On Me - Ryan Riback Extended Remix",Starley,11185394,https://open.spotify.com/track/78rIJddV4X0HkNAInEcYde
41,"I Feel It Coming","The Weeknd",10967719,https://open.spotify.com/track/5GXAXm5YOmYT0kL5jHvYBt
42,DUCKWORTH.,"Kendrick Lamar",10917694,https://open.spotify.com/track/0y9uTzK9cNKSAEHnpeRG8C
43,"SUBEME LA RADIO","Enrique Iglesias",10796826,https://open.spotify.com/track/7nKBxz47S9SD79N086fuhn
44,"Castle on the Hill","Ed Sheeran",10762970,https://open.spotify.com/track/6PCUP3dWmTjcTtXY02oFdT
45,Location,Khalid,10618780,https://open.spotify.com/track/152lZdxL1OR0ZMW6KquMif
46,Congratulations,"Post Malone",10501471,https://open.spotify.com/track/3a1lNhkSLSkpJE4MSHpDu9
47,Closer,"The Chainsmokers",10497288,https://open.spotify.com/track/7BKLCZ1jbUBVqRi2FVlTVw
48,"Chained To The Rhythm","Katy Perry",10254400,https://open.spotify.com/track/5ndfVSDyPq90jaIUhNPeby
49,Portland,Drake,10048562,https://open.spotify.com/track/2bjwRfXMk4uRgOD9IBYl9h
50,"Me Rehúso","Danny Ocean",9944612,https://open.spotify.com/track/6Zosz8w6CmdGMZM6p4JlbQ
51,"Say You Won't Let Go","James Arthur",9808417,https://open.spotify.com/track/5uCax9HTNlzGybIStD3vDh
52,"Green Light",Lorde,9332986,https://open.spotify.com/track/1WC5UN1U79gJlxGLYDGIO7
53,Starboy,"The Weeknd",9238780,https://open.spotify.com/track/5aAx2yezTd8zXrkmtKl66Z
54,"Good Life (with G-Eazy & Kehlani)",G-Eazy,9144616,https://open.spotify.com/track/1Eck97uRMlprKOOJN9oO1E
55,"Now Or Never",Halsey,8636580,https://open.spotify.com/track/3Px934J0dBoCmpUhUuCQkD
56,"El Amante","Nicky Jam",8578632,https://open.spotify.com/track/3umS4y3uQDkqekNjVpiRUs
57,Perfect,"Ed Sheeran",8521294,https://open.spotify.com/track/0tgVpDi06FyKpA1z0VMD4v
58,"Run Up (feat. PARTYNEXTDOOR & Nicki Minaj)","Major Lazer",8490479,https://open.spotify.com/track/0fg8CqpjdojMyXLNzM2PaJ
59,Chantaje,Shakira,8439903,https://open.spotify.com/track/1WniHvhq9zTkny0WvGXX8o
60,Selfish,Future,8422928,https://open.spotify.com/track/2Ce5IyMlVRVvN997ZJjJJA
61,"Tunnel Vision","Kodak Black",8359724,https://open.spotify.com/track/4Q3N4Ct4zCuIHuZ65E3BD4
62,Weak,AJR,8319254,https://open.spotify.com/track/6OuV4vfyb8v3vGGGksqyKf
63,"Still Got Time",ZAYN,7655261,https://open.spotify.com/track/000xQL6tZNLJzIrtIgxqSl
64,"Fake Love",Drake,7650714,https://open.spotify.com/track/343YBumqHu19cGoGARUTsd
65,Happier,"Ed Sheeran",7579990,https://open.spotify.com/track/2RttW7RAu5nOAfq6YFvApB
66,"September Song","JP Cooper",7526597,https://open.spotify.com/track/0FuTx2s3YH1ppmtiM6l0zI
67,Touch,"Little Mix",7473109,https://open.spotify.com/track/5Ua3GXyHwiSfpNTMjq6m2z
68,"Bad and Boujee (feat. Lil Uzi Vert)",Migos,7117875,https://open.spotify.com/track/4Km5HrUvYTaSUfiSGPJeQR
69,"How Far I'll Go - From ""Moana""","Alessia Cara",7115851,https://open.spotify.com/track/5hYTyyh2odQKphUbMqc5gN
70,"Bounce Back","Big Sean",7058953,https://open.spotify.com/track/0SGkqnVQo9KPytSri1H6cF
71,"Let Me Love You","DJ Snake",6977635,https://open.spotify.com/track/4pdPtRcBmOSQDlJ3Fk945m
72,"No Promises (feat. Demi Lovato)","Cheat Codes",6933559,https://open.spotify.com/track/1louJpMmzEicAn7lzDalPW
73,"Hey Ma (with Pitbull & J Balvin feat. Camila Cabello) - Spanish Version",Pitbull,6918115,https://open.spotify.com/track/2Vdub5mY4lad7w64bFPUez
74,"The Cure","Lady Gaga",6916403,https://open.spotify.com/track/51PIvodunv6NmX5250zxAh
75,"One Dance",Drake,6890899,https://open.spotify.com/track/1xznGGDReH1oQq0xzbwXa3
76,"Pretty Girl - Cheat Codes X CADE Remix","Maggie Lindemann",6651810,https://open.spotify.com/track/39IsH7B5byx8NRlEKlZVg9
77,Blem,Drake,6567495,https://open.spotify.com/track/2XlHu0HcujBCkWMdIAvrqt
78,Tuesday,"Burak Yeter",6493836,https://open.spotify.com/track/5c4tB0saSkNHX5CyDosuF7
79,"Body Like A Back Road","Sam Hunt",6437493,https://open.spotify.com/track/7mldq42yDuxiUNn08nvzHO
80,"24K Magic","Bruno Mars",6256487,https://open.spotify.com/track/6b8Be6ljOzmkOmFslEb23P
81,Gyalchester,Drake,6088949,https://open.spotify.com/track/6UjfByV1lDLW0SOVQA4NAi
82,T-Shirt,Migos,6022488,https://open.spotify.com/track/7KOlJ92bu51cltsD9KU5I7
83,"Look At Me!",Xxxtentacion,5999349,https://open.spotify.com/track/7floNISpH8VF4z4459Qo18
84,"Sigo Extrañándote","J Balvin",5951504,https://open.spotify.com/track/6qDF4wWL49CAVbgT7yuHl8
85,"Otra Vez (feat. J Balvin)","Zion & Lennox",5941060,https://open.spotify.com/track/3QwBODjSEzelZyVjxPOHdq
86,"Don't Wanna Know","Maroon 5",5823842,https://open.spotify.com/track/5MFzQMkrl1FOOng9tq6R9r
87,"Reggaetón Lento (Bailemos)",CNCO,5805320,https://open.spotify.com/track/3AEZUABDXNtecAOSC1qTfo
88,Unforgettable,"French Montana",5803796,https://open.spotify.com/track/1F2HXIJrE2Xn81OzT2zZvW
89,Starving,"Hailee Steinfeld",5781322,https://open.spotify.com/track/1qOLh0tI7trd1zdDKxYZTe
90,goosebumps,"Travis Scott",5672968,https://open.spotify.com/track/6gBFPUFcJLzWGx4lenP6h2
91,"Hear Me Now",Alok,5641636,https://open.spotify.com/track/1a5Yu5L18qNxVhXx38njON
92,Dive,"Ed Sheeran",5609885,https://open.spotify.com/track/51ChrwmUPDJvedPQnIU8Ls
93,"La Rompe Corazones","Daddy Yankee",5575835,https://open.spotify.com/track/4okba5wu9mMLXx79DXLKi3
94,"All Time Low","Jon Bellion",5446290,https://open.spotify.com/track/1CnPYaKxTVb4LWOtiGOm0m
95,Swang,"Rae Sremmurd",5419999,https://open.spotify.com/track/6mapJIPnQ23RTAevUoE0DL
96,"Don't Let Me Down","The Chainsmokers",5306453,https://open.spotify.com/track/0QsvXIfqM0zZoerQfsI9lm
97,Heatstroke,"Calvin Harris",5289585,https://open.spotify.com/track/1N90cV79gbBgO0bOs74Y0t
98,Redbone,"Childish Gambino",5287169,https://open.spotify.com/track/3kxfsdsCpFgN412fpnW85Y
99,"Escápate Conmigo",Wisin,5240718,https://open.spotify.com/track/2cnKEkpVUSV4wnjQiTWfH6
100,Everyday,"Ariana Grande",5147911,https://open.spotify.com/track/6yL2kTsdVwYnGwPkKGtMd5
101,"All Night","The Vamps",5126542,https://open.spotify.com/track/1yNyoWWWikbLhwIGWjZuDW
102,"CAN'T STOP THE FEELING! (Original Song from DreamWorks Animation's ""TROLLS"")","Justin Timberlake",5020821,https://open.spotify.com/track/6JV2JOEocMgcZxYSZelKcc
103,"Sola (Remix) [feat. Daddy Yankee, Wisin, Farruko, Zion & Lennox]","Anuel Aa",4985440,https://open.spotify.com/track/5q2JbCNi4FcnglgPfxcV65
104,"What Do I Know?","Ed Sheeran",4985108,https://open.spotify.com/track/2pJZ1v8HezrAoZ0Fhzby92
105,"In the Name of Love","Martin Garrix",4942976,https://open.spotify.com/track/23L5CiUhw2jV1OIMwthR3S
106,"The Night We Met","Lord Huron",4939480,https://open.spotify.com/track/6mORGLOz79w6VsCRLWYYuK
107,"Cold Water (feat. Justin Bieber & MØ)","Major Lazer",4908870,https://open.spotify.com/track/6DNtNfH8hXkqOX1sjqmI7p
108,History,"Olivia Holt",4883360,https://open.spotify.com/track/0WCEaydwN65cvwaW8aqptF
109,Rolex,"Ayo & Teo",4835289,https://open.spotify.com/track/0pSBuHjILhNEo55xK1zrRt
110,"Just Hold On","Steve Aoki",4747585,https://open.spotify.com/track/3EmmCZoqpWOTY1g2GBwJoR
111,"Side To Side","Ariana Grande",4713009,https://open.spotify.com/track/4pLwZjInHj3SimIyN9SnOz
112,"Treat You Better","Shawn Mendes",4712772,https://open.spotify.com/track/76t5B0ttSAje5KHmQbv88t
113,"Ciao Adios",Anne-Marie,4604066,https://open.spotify.com/track/3EfugazgSddQvzZpkof5I4
114,"Me Llamas (feat. Maluma) - Remix","Piso 21",4570012,https://open.spotify.com/track/5hEM0JchdVzQ5PwvSfITeX
115,"New Man","Ed Sheeran",4566778,https://open.spotify.com/track/5HDPtsnyb3maFmPL8LLUTG
116,"Ay Mi Dios",IAmChino,4460840,https://open.spotify.com/track/6stYbAJgTszHAHZMPxWWCY
117,Mercy,"Shawn Mendes",4431898,https://open.spotify.com/track/3OalxlWH0v14kyBcNBMINt
118,"I Took A Pill In Ibiza - Seeb Remix","Mike Posner",4427660,https://open.spotify.com/track/17Fd6Yb7mSbinKG8LoWfFl
119,Heathens,"Twenty One Pilots",4411663,https://open.spotify.com/track/6i0V12jOa3mr6uu4WYhUBr
120,"Love On The Brain",Rihanna,4358074,https://open.spotify.com/track/2aksifNn5ph8igDOkPBA02
121,"Obsession (feat. Jon Bellion)",Vice,4338401,https://open.spotify.com/track/542Xd5qDeLBvgXZXhfW7LE
122,"Ahora Dice","Chris Jeday",4286819,https://open.spotify.com/track/22eADXu8DfOAUEDw4vU8qy
123,Photograph,"Ed Sheeran",4266801,https://open.spotify.com/track/6fxVffaTuwjgEk5h9QyRjy
124,"Break Up Every Night","The Chainsmokers",4252810,https://open.spotify.com/track/6cPyTS0Kk2sc4xQwC93kOg
125,"do re mi",Blackbear,4235157,https://open.spotify.com/track/3sTCfUmYXSVWDacTd6uMbQ
126,"Vente Pa' Ca","Ricky Martin",4205078,https://open.spotify.com/track/7DM4BPaS7uofFul3ywMe46
127,TG4M,"Zara Larsson",4180285,https://open.spotify.com/track/4uoumbAMEMaKdtiv763jKz
128,"My Way","Calvin Harris",4176483,https://open.spotify.com/track/1vvNmPOiUuyCbgWmtc6yfm
129,"We Don't Talk Anymore (feat. Selena Gomez)","Charlie Puth",4151815,https://open.spotify.com/track/68EMU2RD1ECNeOeJ5qAXCV
130,Human,"Rag'n'Bone Man",4125492,https://open.spotify.com/track/58zsLZPvfflaiIbNWoA22O
131,Skin,"Rag'n'Bone Man",4116283,https://open.spotify.com/track/6y2Kaz9QI01XBKJ8mTb7Pf
132,"Be The One","Dua Lipa",4096381,https://open.spotify.com/track/1ixphys4A3NEXp6MDScfih
133,Safari,"J Balvin",4069267,https://open.spotify.com/track/6rQSrBHf7HlZjtcMZ4S4bO
134,"Black Beatles","Rae Sremmurd",4066986,https://open.spotify.com/track/6fujklziTHa8uoM5OQSfIo
135,"Free Smoke",Drake,4055980,https://open.spotify.com/track/05KOgYg8PGeJyyWBPi5ja8
136,Barcelona,"Ed Sheeran",4035547,https://open.spotify.com/track/3Lfiu5sZ4M4B6JaKMBc0FU
137,"Teenage Fever",Drake,4027989,https://open.spotify.com/track/6n3HGiq4v35D6eFOSwqYuo
138,"Supermarket Flowers","Ed Sheeran",4014991,https://open.spotify.com/track/4VuS959DSpr82t3qBqCrWG
139,"Stressed Out","Twenty One Pilots",3978845,https://open.spotify.com/track/3CRDbSIZ4r5MsZ0YwxuEkn
140,"Cheap Thrills",Sia,3965569,https://open.spotify.com/track/27SdWb2rFzO6GWiYDBTD9j
141,Faded,"Alan Walker",3928451,https://open.spotify.com/track/7gHs73wELdeycvS48JfIos
142,"Get It Together",Drake,3901148,https://open.spotify.com/track/7y6c07pgjZvtHI9kuMVqk1
143,"Drowning (feat. Kodak Black)","A Boogie Wit da Hoodie",3889672,https://open.spotify.com/track/3LnOF5n1GOs01siYZXzS3p
144,"Thinking Out Loud","Ed Sheeran",3883259,https://open.spotify.com/track/1Slwb6dOYkBlWal1PGtnNg
145,"Me Enamoré",Shakira,3878171,https://open.spotify.com/track/4m5A5meIueOcDBpbqGvkQB
146,"Love Yourself","Justin Bieber",3875639,https://open.spotify.com/track/3hB5DgAiMAQ4DzYbsMq1IT
147,"Broccoli (feat. Lil Yachty)",D.R.A.M.,3840581,https://open.spotify.com/track/7yyRTcZmCiyzzJlNzGC9Ol
148,"All Night (feat. Knox Fortune)","Chance The Rapper",3831884,https://open.spotify.com/track/60xaS8mYBKUW4VQQ666N0T
149,"Bad Things - With Camila Cabello","Machine Gun Kelly",3811959,https://open.spotify.com/track/56cswAa9WdFBsjsTyPBAKA
150,Ride,"Twenty One Pilots",3808362,https://open.spotify.com/track/2Z8WuEywRWYTKe1NybPQEW
151,"At My Best (feat. Hailee Steinfeld)","Machine Gun Kelly",3796259,https://open.spotify.com/track/5DEp4UmhxN7OLnYQacWZhh
152,"Bad Bitch (feat. Ty Dolla $ign)","Bebe Rexha",3784642,https://open.spotify.com/track/4ZJPwET9Jrgpkqi4Vo3Yg8
153,"How Would You Feel (Paean)","Ed Sheeran",3774828,https://open.spotify.com/track/6PJ8FF6UR8FZXfEvpHkIVN
154,"Don't Leave",Snakehips,3773556,https://open.spotify.com/track/0Zx8khUcEfCFK2AEoIhC92
155,Vacaciones,Wisin,3771990,https://open.spotify.com/track/3dQDid3IUNhZy1OehIfYfE
156,Moves,"Big Sean",3771924,https://open.spotify.com/track/0Fv5N0cHBsl4bzCbollCAS
157,"Work from Home","Fifth Harmony",3735527,https://open.spotify.com/track/4tCtwWceOPWzenK2HAIJSb
158,"Scars To Your Beautiful","Alessia Cara",3713509,https://open.spotify.com/track/0prNGof3XqfTvNDxHonvdK
159,"Alguien Robo","Sebastian Yatra",3699226,https://open.spotify.com/track/5i50gKdLAjjIr7UxRT5IVy
160,"Shed a Light","Robin Schulz",3691752,https://open.spotify.com/track/1cG0umU5TKStygKsPFZ9pY
161,"Perfect Strangers","Jonas Blue",3688676,https://open.spotify.com/track/1CUVN2kn7mW5FjkqXTR2W1
162,"This Is What You Came For","Calvin Harris",3653945,https://open.spotify.com/track/0azC730Exh71aQlOt9Zj3y
163,Sorry,"Justin Bieber",3634070,https://open.spotify.com/track/69bp2EbF7Q2rqc5N3ylezZ
164,"Te Quiero Pa´Mi","Don Omar",3602741,https://open.spotify.com/track/3BY2mafsbsoKGqS380Xnuz
165,"All We Know","The Chainsmokers",3567520,https://open.spotify.com/track/2rizacJSyD9S1IQUxUxnsK
166,Caroline,Aminé,3532116,https://open.spotify.com/track/5GFDrUTLGJix84sNhjCG0g
167,"Black SpiderMan",Logic,3490214,https://open.spotify.com/track/0lSFDvmV2HZqrtVtneT3no
168,"I Got You","Bebe Rexha",3473807,https://open.spotify.com/track/1FUViuNSldssMIawrOXF2i
169,"Water Under the Bridge",Adele,3463916,https://open.spotify.com/track/4vb4mFvYsr2h6enhjJsq9Y
170,"Lights Down Low",MAX,3454492,https://open.spotify.com/track/1sYSP7gKa5kdKIfhANfori
171,"The Other",Lauv,3447073,https://open.spotify.com/track/3ZD3kjn80pQ9keYO8eqp9d
172,Traicionera,"Sebastian Yatra",3408517,https://open.spotify.com/track/5J1c3M4EldCfNxXwrwt8mT
173,"Versace On The Floor","Bruno Mars",3371929,https://open.spotify.com/track/0kN8xEmgMW9mh7UmDYHlJP
174,"Nancy Mulligan","Ed Sheeran",3364966,https://open.spotify.com/track/35QZaWQRkmnAVqBF1TLCxQ
175,Alone,"Alan Walker",3344247,https://open.spotify.com/track/0JiVRyTJcJnmlwCZ854K4p
176,"This Girl (Kungs Vs. Cookin' On 3 Burners) - Kungs Vs. Cookin' On 3 Burners",Kungs,3331143,https://open.spotify.com/track/0tICYNayWWhH9GPeFrfjfD
177,"Million Reasons","Lady Gaga",3324277,https://open.spotify.com/track/50PWlIBU7PlGGwzgN8TiFJ
178,Panda,Desiigner,3319373,https://open.spotify.com/track/5OOkp4U9P9oL23maHFHL1h
179,"No Problem (feat. Lil Wayne & 2 Chainz)","Chance The Rapper",3291106,https://open.spotify.com/track/0v9Wz8o0BT8DU38R4ddjeH
180,"Sunset Lover","Petit Biscuit",3287482,https://open.spotify.com/track/0hNduWmlWmEmuwEFcYvRu1
181,"7 Years","Lukas Graham",3283337,https://open.spotify.com/track/7129iqBafaphfc3WPCGC0L
182,"Lean On (feat. MØ & DJ Snake)","Major Lazer",3275615,https://open.spotify.com/track/4WjH9Bzt3kx7z8kl0awxh4
183,"By Your Side","Jonas Blue",3273213,https://open.spotify.com/track/1D3ODoXHBLpdxolZRHWV1j
184,"Sucker For Pain (with Wiz Khalifa, Imagine Dragons, Logic & Ty Dolla $ign feat. X Ambassadors)","Lil Wayne",3230560,https://open.spotify.com/track/4dASQiO1Eoo3RJvt74FtXB
185,"No Lie","Sean Paul",3223943,https://open.spotify.com/track/3cFsmM51N5zMAuu1nNY4Tw
186,"Cake By The Ocean",DNCE,3214565,https://open.spotify.com/track/2aFiaMXmWsM3Vj72F9ksBl
187,Everybody,Logic,3207613,https://open.spotify.com/track/51sVgPeBHYwbeM1cWegVqR
188,KMT,Drake,3196476,https://open.spotify.com/track/2jTujnt0y344ai1rNOywgr
189,"La Bicicleta","Carlos Vives",3183519,https://open.spotify.com/track/43it4kot08akLzFIEMhXNN
190,"Peek A Boo","Lil Yachty",3162329,https://open.spotify.com/track/1iTWoKAdilGEmit6xhQZje
191,"Party Monster","The Weeknd",3145877,https://open.spotify.com/track/4F7A0DXBrmUAkp32uenhZt
192,Down,"Marian Hill",3115409,https://open.spotify.com/track/2mCnTgDMxpnK1gr0l0Nu4f
193,"i hate u, i love u (feat. olivia o'brien)",gnash,3088069,https://open.spotify.com/track/7vRriwrloYVaoAe3a9wJHe
194,"Madiba Riddim",Drake,3077469,https://open.spotify.com/track/76gUmNLXGQVOsGhfcshkFP
195,"Hearts Don't Break Around Here","Ed Sheeran",3070911,https://open.spotify.com/track/2dfHh7ECGxfNqZTQno09Vk
196,"Gang Up (with Young Thug, 2 Chainz & Wiz Khalifa feat. PnB Rock)","Young Thug",3065707,https://open.spotify.com/track/5PfTI3zrQbZEWcQdycMqJM
197,"Dile Que Tu Me Quieres",Ozuna,3056187,https://open.spotify.com/track/20ZAJdsKB5IGbGj4ilRt2o
198,Sacrifices,Drake,3052220,https://open.spotify.com/track/0xl1w2q4VLojeXp4JfazPL
199,Lumbra,"Cali Y El Dandee",3023093,https://open.spotify.com/track/6VHdcVbiKLYYOcMbIqBcuK
200,"Lose Yourself - Soundtrack Version",Eminem,3020949,https://open.spotify.com/track/5Z01UMMf7V1o0MzF86s6WJ
Position,"Track Name",Artist,Streams,URL
1,"Despacito - Remix","Luis Fonsi",43053141,https://open.spotify.com/track/5CtI0qwDJkDQGwXD1H1cLb
2,"Shape of You","Ed Sheeran",37245157,https://open.spotify.com/track/7qiZfU4dY1lWllzX7mPBI3
3,HUMBLE.,"Kendrick Lamar",35996081,https://open.spotify.com/track/7KXjTSCq5nL1LoYtL7XAwS
4,"Something Just Like This","The Chainsmokers",25574787,https://open.spotify.com/track/6RUKPb4LETWmmr3iAEQktW
5,"Mask Off",Future,24098481,https://open.spotify.com/track/3rOSwuTsUlJp0Pu0MkN8r8
6,"It Ain't Me (with Selena Gomez)",Kygo,23936815,https://open.spotify.com/track/3eR23VReFzcdmS7TYCrhCe
7,DNA.,"Kendrick Lamar",23935529,https://open.spotify.com/track/6HZILIRieu8S0iqY8kIKhj
8,Passionfruit,Drake,22257160,https://open.spotify.com/track/7hDc8b7IXETo14hHIHdnhd
9,"Stay (with Alessia Cara)",Zedd,22114088,https://open.spotify.com/track/0dA2Mk56wEzDgegdC6R17g
10,"That's What I Like","Bruno Mars",21623540,https://open.spotify.com/track/0KKkJNfGyhkQ5aFogxQAPU
11,"Symphony (feat. Zara Larsson)","Clean Bandit",21208867,https://open.spotify.com/track/1x5sYLZiu9r5E43kMlt9f8
12,"Despacito (Featuring Daddy Yankee)","Luis Fonsi",20908196,https://open.spotify.com/track/4aWmUDTfIPGksMNLV2rQP2
13,"Swalla (feat. Nicki Minaj & Ty Dolla $ign)","Jason Derulo",18198806,https://open.spotify.com/track/6kex4EBAj0WHXDKZMEJaaF
14,"Galway Girl","Ed Sheeran",16794482,https://open.spotify.com/track/0afhq8XCExXpqazXczTSve
15,Slide,"Calvin Harris",16298060,https://open.spotify.com/track/6gpcs5eMhJwax4mIfKDYQk
16,"Scared to Be Lonely","Martin Garrix",15810121,https://open.spotify.com/track/0KR2W3St74th8z3LS94Ffh
17,Issues,"Julia Michaels",15707879,https://open.spotify.com/track/1sXUWdKx03aP9Gmzft58rt
18,"LOYALTY. FEAT. RIHANNA.","Kendrick Lamar",15445610,https://open.spotify.com/track/6SwRhMLwNqEi6alNPVG00n
19,Paris,"The Chainsmokers",14843534,https://open.spotify.com/track/72jbDTw1piOOj770jWNeaG
20,"XO TOUR Llif3","Lil Uzi Vert",14748107,https://open.spotify.com/track/2eMwDehkIC1j68U6FA3Eiq
21,"There's Nothing Holdin' Me Back","Shawn Mendes",14722223,https://open.spotify.com/track/79cuOz3SPQTuFrp8WgftAu
22,ELEMENT.,"Kendrick Lamar",14368182,https://open.spotify.com/track/1EaKU4dMbesXXd3BrLCtYG
23,"Sign of the Times","Harry Styles",14266493,https://open.spotify.com/track/5ELRkzdzz0HvGpMDlfZHkV
24,"LOVE. FEAT. ZACARI.","Kendrick Lamar",13742534,https://open.spotify.com/track/6PGoSes0D9eUDeeAafB2As
25,"iSpy (feat. Lil Yachty)",Kyle,13491215,https://open.spotify.com/track/2EEeOnHehOozLq4aS0n6SL
26,"You Don't Know Me","Jax Jones",13326841,https://open.spotify.com/track/4WrS6vezaPwOafKJmHqMEU
27,Believer,"Imagine Dragons",12681819,https://open.spotify.com/track/6VRghJeP6I0w1KxkdWFfIh
28,Cold,"Maroon 5",12679899,https://open.spotify.com/track/5NNlUMcOEOdoOIwwaWXv0k
29,"I Don’t Wanna Live Forever (Fifty Shades Darker) - From ""Fifty Shades Darker (Original Motion Picture Soundtrack)""",ZAYN,12265074,https://open.spotify.com/track/3NdDpSvN911VPGivFlV5d0
30,"Rockabye (feat. Sean Paul & Anne-Marie)","Clean Bandit",12026724,https://open.spotify.com/track/5knuzwU65gJK7IF5yJsuaW
31,"SUBEME LA RADIO","Enrique Iglesias",11857207,https://open.spotify.com/track/7nKBxz47S9SD79N086fuhn
32,"Good Life (with G-Eazy & Kehlani)",G-Eazy,11751236,https://open.spotify.com/track/1Eck97uRMlprKOOJN9oO1E
33,"Solo Dance","Martin Jensen",11328875,https://open.spotify.com/track/6HUnnBwYZqcED1eQztxMBN
34,"Me Rehúso","Danny Ocean",11307924,https://open.spotify.com/track/6Zosz8w6CmdGMZM6p4JlbQ
35,"Call On Me - Ryan Riback Extended Remix",Starley,11095449,https://open.spotify.com/track/78rIJddV4X0HkNAInEcYde
36,Location,Khalid,11072906,https://open.spotify.com/track/152lZdxL1OR0ZMW6KquMif
37,"I Feel It Coming","The Weeknd",11027044,https://open.spotify.com/track/5GXAXm5YOmYT0kL5jHvYBt
38,Congratulations,"Post Malone",10765599,https://open.spotify.com/track/3a1lNhkSLSkpJE4MSHpDu9
39,"The Cure","Lady Gaga",10154646,https://open.spotify.com/track/51PIvodunv6NmX5250zxAh
40,Closer,"The Chainsmokers",10015031,https://open.spotify.com/track/7BKLCZ1jbUBVqRi2FVlTVw
41,"Chained To The Rhythm","Katy Perry",9985113,https://open.spotify.com/track/5ndfVSDyPq90jaIUhNPeby
42,"XXX. FEAT. U2.","Kendrick Lamar",9921312,https://open.spotify.com/track/4iYRa2btalAzPZoSYfROqF
43,"Castle on the Hill","Ed Sheeran",9919890,https://open.spotify.com/track/6PCUP3dWmTjcTtXY02oFdT
44,Portland,Drake,9881173,https://open.spotify.com/track/2bjwRfXMk4uRgOD9IBYl9h
45,"The One","The Chainsmokers",9766886,https://open.spotify.com/track/0wfbD5rAksdXUzRvMfM3x5
46,"Say You Won't Let Go","James Arthur",9718864,https://open.spotify.com/track/5uCax9HTNlzGybIStD3vDh
47,"Now Or Never",Halsey,9502475,https://open.spotify.com/track/1mDGDb2fUmUMdqV3tb8VKQ
48,YAH.,"Kendrick Lamar",9501741,https://open.spotify.com/track/4BHSjbYylfOH5WAGusDyni
49,"Green Light",Lorde,9389145,https://open.spotify.com/track/1WC5UN1U79gJlxGLYDGIO7
50,"Lust for Life (with The Weeknd)","Lana Del Rey",9223121,https://open.spotify.com/track/5LYQSNHZxEA880URXFHg6h
51,"El Amante","Nicky Jam",9097743,https://open.spotify.com/track/3umS4y3uQDkqekNjVpiRUs
52,PRIDE.,"Kendrick Lamar",8698532,https://open.spotify.com/track/6IZvVAP7VPPnsGX6bvgkqg
53,Chantaje,Shakira,8528377,https://open.spotify.com/track/1WniHvhq9zTkny0WvGXX8o
54,"Tunnel Vision","Kodak Black",8502061,https://open.spotify.com/track/4Q3N4Ct4zCuIHuZ65E3BD4
55,Starboy,"The Weeknd",8500337,https://open.spotify.com/track/5aAx2yezTd8zXrkmtKl66Z
56,"No Promises (feat. Demi Lovato)","Cheat Codes",8381129,https://open.spotify.com/track/1louJpMmzEicAn7lzDalPW
57,"Still Got Time",ZAYN,8358551,https://open.spotify.com/track/000xQL6tZNLJzIrtIgxqSl
58,"Run Up (feat. PARTYNEXTDOOR & Nicki Minaj)","Major Lazer",8314934,https://open.spotify.com/track/0fg8CqpjdojMyXLNzM2PaJ
59,FEEL.,"Kendrick Lamar",8303088,https://open.spotify.com/track/2LTlO3NuNVN70lp2ZbVswF
60,Unforgettable,"French Montana",8155641,https://open.spotify.com/track/1F2HXIJrE2Xn81OzT2zZvW
61,LUST.,"Kendrick Lamar",7970869,https://open.spotify.com/track/06FCvd7rrRcF3DdvWH5Isp
62,"Pretty Girl - Cheat Codes X CADE Remix","Maggie Lindemann",7920463,https://open.spotify.com/track/39IsH7B5byx8NRlEKlZVg9
63,"Hey Ma (with Pitbull & J Balvin feat. Camila Cabello) - Spanish Version",Pitbull,7834318,https://open.spotify.com/track/2Vdub5mY4lad7w64bFPUez
64,Weak,AJR,7766095,https://open.spotify.com/track/6OuV4vfyb8v3vGGGksqyKf
65,Selfish,Future,7731210,https://open.spotify.com/track/2Ce5IyMlVRVvN997ZJjJJA
66,Perfect,"Ed Sheeran",7659285,https://open.spotify.com/track/0tgVpDi06FyKpA1z0VMD4v
67,Touch,"Little Mix",7656418,https://open.spotify.com/track/5Ua3GXyHwiSfpNTMjq6m2z
68,"Felices los 4",Maluma,7620397,https://open.spotify.com/track/0qYTZCo5Bwh1nsUFGZP3zn
69,"September Song","JP Cooper",7235762,https://open.spotify.com/track/0FuTx2s3YH1ppmtiM6l0zI
70,"Fake Love",Drake,7193042,https://open.spotify.com/track/343YBumqHu19cGoGARUTsd
71,"The Night We Met","Lord Huron",7146508,https://open.spotify.com/track/6mORGLOz79w6VsCRLWYYuK
72,"Bad and Boujee (feat. Lil Uzi Vert)",Migos,6866434,https://open.spotify.com/track/4Km5HrUvYTaSUfiSGPJeQR
73,"Bounce Back","Big Sean",6862448,https://open.spotify.com/track/0SGkqnVQo9KPytSri1H6cF
74,"Let Me Love You","DJ Snake",6820814,https://open.spotify.com/track/4pdPtRcBmOSQDlJ3Fk945m
75,"One Dance",Drake,6800908,https://open.spotify.com/track/1xznGGDReH1oQq0xzbwXa3
76,Happier,"Ed Sheeran",6800238,https://open.spotify.com/track/2RttW7RAu5nOAfq6YFvApB
77,Tuesday,"Burak Yeter",6784220,https://open.spotify.com/track/5c4tB0saSkNHX5CyDosuF7
78,Attention,"Charlie Puth",6749748,https://open.spotify.com/track/4iLqG9SeJSnt0cSPICSjxv
79,"How Far I'll Go - From ""Moana""","Alessia Cara",6584749,https://open.spotify.com/track/5hYTyyh2odQKphUbMqc5gN
80,"Sigo Extrañándote","J Balvin",6565844,https://open.spotify.com/track/6qDF4wWL49CAVbgT7yuHl8
81,"do re mi",Blackbear,6514508,https://open.spotify.com/track/6CUBgX8bXC5YQCkdgRHqyg
82,"Escápate Conmigo",Wisin,6438188,https://open.spotify.com/track/2cnKEkpVUSV4wnjQiTWfH6
83,goosebumps,"Travis Scott",6437080,https://open.spotify.com/track/6gBFPUFcJLzWGx4lenP6h2
84,FEAR.,"Kendrick Lamar",6418330,https://open.spotify.com/track/23luOrEVHMfoX0AhfbQuS6
85,"Body Like A Back Road","Sam Hunt",6269178,https://open.spotify.com/track/7mldq42yDuxiUNn08nvzHO
86,"Otra Vez (feat. J Balvin)","Zion & Lennox",6233221,https://open.spotify.com/track/3QwBODjSEzelZyVjxPOHdq
87,"Hard Times",Paramore,6219923,https://open.spotify.com/track/5hHudNsfZXmdgefWxAX2LG
88,"24K Magic","Bruno Mars",6123040,https://open.spotify.com/track/6b8Be6ljOzmkOmFslEb23P
89,GOD.,"Kendrick Lamar",6060299,https://open.spotify.com/track/5p3NP9mQblDsVJLdfNZJ3I
90,"Hear Me Now",Alok,6002838,https://open.spotify.com/track/1a5Yu5L18qNxVhXx38njON
91,T-Shirt,Migos,5974828,https://open.spotify.com/track/7KOlJ92bu51cltsD9KU5I7
92,"Reggaetón Lento (Bailemos)",CNCO,5969601,https://open.spotify.com/track/3AEZUABDXNtecAOSC1qTfo
93,"La Rompe Corazones","Daddy Yankee",5961866,https://open.spotify.com/track/4okba5wu9mMLXx79DXLKi3
94,"Look At Me!",Xxxtentacion,5914899,https://open.spotify.com/track/7floNISpH8VF4z4459Qo18
95,Gyalchester,Drake,5808614,https://open.spotify.com/track/6UjfByV1lDLW0SOVQA4NAi
96,"Ahora Dice","Chris Jeday",5792780,https://open.spotify.com/track/22eADXu8DfOAUEDw4vU8qy
97,Starving,"Hailee Steinfeld",5788133,https://open.spotify.com/track/1qOLh0tI7trd1zdDKxYZTe
98,DUCKWORTH.,"Kendrick Lamar",5748445,https://open.spotify.com/track/0y9uTzK9cNKSAEHnpeRG8C
99,"Don't Wanna Know","Maroon 5",5689263,https://open.spotify.com/track/5MFzQMkrl1FOOng9tq6R9r
100,Swang,"Rae Sremmurd",5675441,https://open.spotify.com/track/6mapJIPnQ23RTAevUoE0DL
101,BLOOD.,"Kendrick Lamar",5606889,https://open.spotify.com/track/1n4jwRVXdkK2U34nBDUKKT
102,"Sola (Remix) [feat. Daddy Yankee, Wisin, Farruko, Zion & Lennox]","Anuel Aa",5420975,https://open.spotify.com/track/5q2JbCNi4FcnglgPfxcV65
103,"All Time Low","Jon Bellion",5340341,https://open.spotify.com/track/1CnPYaKxTVb4LWOtiGOm0m
104,Redbone,"Childish Gambino",5220782,https://open.spotify.com/track/3kxfsdsCpFgN412fpnW85Y
105,"Don't Let Me Down","The Chainsmokers",5171595,https://open.spotify.com/track/0QsvXIfqM0zZoerQfsI9lm
106,Dive,"Ed Sheeran",5133873,https://open.spotify.com/track/51ChrwmUPDJvedPQnIU8Ls
107,"Drowning (feat. Kodak Black)","A Boogie Wit da Hoodie",5130410,https://open.spotify.com/track/3LnOF5n1GOs01siYZXzS3p
108,"Me Llamas (feat. Maluma) - Remix","Piso 21",5023742,https://open.spotify.com/track/5hEM0JchdVzQ5PwvSfITeX
109,History,"Olivia Holt",5019782,https://open.spotify.com/track/0WCEaydwN65cvwaW8aqptF
110,Blem,Drake,4950738,https://open.spotify.com/track/2XlHu0HcujBCkWMdIAvrqt
111,"CAN'T STOP THE FEELING! (Original Song from DreamWorks Animation's ""TROLLS"")","Justin Timberlake",4914821,https://open.spotify.com/track/6JV2JOEocMgcZxYSZelKcc
112,Heatstroke,"Calvin Harris",4829593,https://open.spotify.com/track/1N90cV79gbBgO0bOs74Y0t
113,Everyday,"Ariana Grande",4816010,https://open.spotify.com/track/6yL2kTsdVwYnGwPkKGtMd5
114,"In the Name of Love","Martin Garrix",4792234,https://open.spotify.com/track/04DwTuZ2VBdJCCC5TROn7L
115,"Ciao Adios",Anne-Marie,4777457,https://open.spotify.com/track/3EfugazgSddQvzZpkof5I4
116,"Break Up Every Night","The Chainsmokers",4771919,https://open.spotify.com/track/6cPyTS0Kk2sc4xQwC93kOg
117,"Cold Water (feat. Justin Bieber & MØ)","Major Lazer",4749337,https://open.spotify.com/track/6DNtNfH8hXkqOX1sjqmI7p
118,"Ay Mi Dios",IAmChino,4713156,https://open.spotify.com/track/6stYbAJgTszHAHZMPxWWCY
119,"Side To Side","Ariana Grande",4688499,https://open.spotify.com/track/4pLwZjInHj3SimIyN9SnOz
120,"All Night","The Vamps",4676666,https://open.spotify.com/track/1yNyoWWWikbLhwIGWjZuDW
121,"Treat You Better","Shawn Mendes",4676143,https://open.spotify.com/track/4Hf7WnR761jpxPr5D46Bcd
122,Rolex,"Ayo & Teo",4663904,https://open.spotify.com/track/0pSBuHjILhNEo55xK1zrRt
123,"Obsession (feat. Jon Bellion)",Vice,4656076,https://open.spotify.com/track/542Xd5qDeLBvgXZXhfW7LE
124,"Me Enamoré",Shakira,4637497,https://open.spotify.com/track/4m5A5meIueOcDBpbqGvkQB
125,"I Took A Pill In Ibiza - Seeb Remix","Mike Posner",4542662,https://open.spotify.com/track/17Fd6Yb7mSbinKG8LoWfFl
126,"Just Hold On","Steve Aoki",4458144,https://open.spotify.com/track/3EmmCZoqpWOTY1g2GBwJoR
127,"Love On The Brain",Rihanna,4440432,https://open.spotify.com/track/2aksifNn5ph8igDOkPBA02
128,"Vente Pa' Ca","Ricky Martin",4439306,https://open.spotify.com/track/7DM4BPaS7uofFul3ywMe46
129,"What Do I Know?","Ed Sheeran",4420354,https://open.spotify.com/track/2pJZ1v8HezrAoZ0Fhzby92
130,Mercy,"Shawn Mendes",4405343,https://open.spotify.com/track/4TZy1wLyHec06pwgFYDh1a
131,Heathens,"Twenty One Pilots",4303090,https://open.spotify.com/track/6i0V12jOa3mr6uu4WYhUBr
132,Photograph,"Ed Sheeran",4266198,https://open.spotify.com/track/6fxVffaTuwjgEk5h9QyRjy
133,"We Don't Talk Anymore (feat. Selena Gomez)","Charlie Puth",4224023,https://open.spotify.com/track/68EMU2RD1ECNeOeJ5qAXCV
134,"Bad Bitch (feat. Ty Dolla $ign)","Bebe Rexha",4214190,https://open.spotify.com/track/4ZJPwET9Jrgpkqi4Vo3Yg8
135,Skin,"Rag'n'Bone Man",4201737,https://open.spotify.com/track/6y2Kaz9QI01XBKJ8mTb7Pf
136,TG4M,"Zara Larsson",4182218,https://open.spotify.com/track/4uoumbAMEMaKdtiv763jKz
137,"At My Best (feat. Hailee Steinfeld)","Machine Gun Kelly",4175611,https://open.spotify.com/track/5DEp4UmhxN7OLnYQacWZhh
138,Safari,"J Balvin",4171670,https://open.spotify.com/track/6rQSrBHf7HlZjtcMZ4S4bO
139,"New Man","Ed Sheeran",4039852,https://open.spotify.com/track/5HDPtsnyb3maFmPL8LLUTG
140,"My Way","Calvin Harris",4014055,https://open.spotify.com/track/1vvNmPOiUuyCbgWmtc6yfm
141,"Alguien Robo","Sebastian Yatra",4000119,https://open.spotify.com/track/5i50gKdLAjjIr7UxRT5IVy
142,"Cheap Thrills",Sia,3979338,https://open.spotify.com/track/27SdWb2rFzO6GWiYDBTD9j
143,"Black Beatles","Rae Sremmurd",3975617,https://open.spotify.com/track/6fujklziTHa8uoM5OQSfIo
144,Human,"Rag'n'Bone Man",3937014,https://open.spotify.com/track/58zsLZPvfflaiIbNWoA22O
145,Vacaciones,Wisin,3933422,https://open.spotify.com/track/3dQDid3IUNhZy1OehIfYfE
146,"Stressed Out","Twenty One Pilots",3933238,https://open.spotify.com/track/3CRDbSIZ4r5MsZ0YwxuEkn
147,"Love Yourself","Justin Bieber",3923941,https://open.spotify.com/track/3hB5DgAiMAQ4DzYbsMq1IT
148,Faded,"Alan Walker",3880981,https://open.spotify.com/track/7gHs73wELdeycvS48JfIos
149,Moves,"Big Sean",3853155,https://open.spotify.com/track/0Fv5N0cHBsl4bzCbollCAS
150,"Thinking Out Loud","Ed Sheeran",3851579,https://open.spotify.com/track/1Slwb6dOYkBlWal1PGtnNg
151,"Te Quiero Pa´Mi","Don Omar",3800277,https://open.spotify.com/track/3BY2mafsbsoKGqS380Xnuz
152,"Broccoli (feat. Lil Yachty)",D.R.A.M.,3756768,https://open.spotify.com/track/7yyRTcZmCiyzzJlNzGC9Ol
153,"Scars To Your Beautiful","Alessia Cara",3735140,https://open.spotify.com/track/0prNGof3XqfTvNDxHonvdK
154,"Work from Home","Fifth Harmony",3723318,https://open.spotify.com/track/4tCtwWceOPWzenK2HAIJSb
155,Ride,"Twenty One Pilots",3717422,https://open.spotify.com/track/2Z8WuEywRWYTKe1NybPQEW
156,Sorry,"Justin Bieber",3693725,https://open.spotify.com/track/69bp2EbF7Q2rqc5N3ylezZ
157,Barcelona,"Ed Sheeran",3625740,https://open.spotify.com/track/3Lfiu5sZ4M4B6JaKMBc0FU
158,"Bad Things - With Camila Cabello","Machine Gun Kelly",3619424,https://open.spotify.com/track/6H2TKJ9KJfcq6MRmw2cF20
159,Traicionera,"Sebastian Yatra",3619329,https://open.spotify.com/track/5J1c3M4EldCfNxXwrwt8mT
160,"Teenage Fever",Drake,3614756,https://open.spotify.com/track/6n3HGiq4v35D6eFOSwqYuo
161,"This Is What You Came For","Calvin Harris",3612207,https://open.spotify.com/track/0azC730Exh71aQlOt9Zj3y
162,"Supermarket Flowers","Ed Sheeran",3604643,https://open.spotify.com/track/4VuS959DSpr82t3qBqCrWG
163,"Perfect Strangers","Jonas Blue",3585261,https://open.spotify.com/track/1CUVN2kn7mW5FjkqXTR2W1
164,"Don't Leave",Snakehips,3581776,https://open.spotify.com/track/0Zx8khUcEfCFK2AEoIhC92
165,"Lights Down Low",MAX,3568104,https://open.spotify.com/track/1sYSP7gKa5kdKIfhANfori
166,"Free Smoke",Drake,3545682,https://open.spotify.com/track/05KOgYg8PGeJyyWBPi5ja8
167,"Get It Together",Drake,3539522,https://open.spotify.com/track/7y6c07pgjZvtHI9kuMVqk1
168,"Shed a Light","Robin Schulz",3519373,https://open.spotify.com/track/1cG0umU5TKStygKsPFZ9pY
169,"This Girl (Kungs Vs. Cookin' On 3 Burners) - Kungs Vs. Cookin' On 3 Burners",Kungs,3446715,https://open.spotify.com/track/0tICYNayWWhH9GPeFrfjfD
170,Caroline,Aminé,3423028,https://open.spotify.com/track/5GFDrUTLGJix84sNhjCG0g
171,"All We Know","The Chainsmokers",3360047,https://open.spotify.com/track/2rizacJSyD9S1IQUxUxnsK
172,"Versace On The Floor","Bruno Mars",3350751,https://open.spotify.com/track/0kN8xEmgMW9mh7UmDYHlJP
173,"How Would You Feel (Paean)","Ed Sheeran",3346946,https://open.spotify.com/track/6PJ8FF6UR8FZXfEvpHkIVN
174,Lumbra,"Cali Y El Dandee",3341912,https://open.spotify.com/track/6VHdcVbiKLYYOcMbIqBcuK
175,"I Got You","Bebe Rexha",3340433,https://open.spotify.com/track/1FUViuNSldssMIawrOXF2i
176,Panda,Desiigner,3325775,https://open.spotify.com/track/5OOkp4U9P9oL23maHFHL1h
177,"No Lie","Sean Paul",3325355,https://open.spotify.com/track/3cFsmM51N5zMAuu1nNY4Tw
178,"Sunset Lover","Petit Biscuit",3321588,https://open.spotify.com/track/0hNduWmlWmEmuwEFcYvRu1
179,"Nights With You",MØ,3312451,https://open.spotify.com/track/5q5gzmbBS5yQzos2BvVr1t
180,"Water Under the Bridge",Adele,3305135,https://open.spotify.com/track/4vb4mFvYsr2h6enhjJsq9Y
181,"Lean On (feat. MØ & DJ Snake)","Major Lazer",3305042,https://open.spotify.com/track/4WjH9Bzt3kx7z8kl0awxh4
182,"Million Reasons","Lady Gaga",3260959,https://open.spotify.com/track/50PWlIBU7PlGGwzgN8TiFJ
183,"By Your Side","Jonas Blue",3246950,https://open.spotify.com/track/1D3ODoXHBLpdxolZRHWV1j
184,"Sucker For Pain (with Wiz Khalifa, Imagine Dragons, Logic & Ty Dolla $ign feat. X Ambassadors)","Lil Wayne",3231619,https://open.spotify.com/track/4dASQiO1Eoo3RJvt74FtXB
185,"Get Right Witcha",Migos,3228467,https://open.spotify.com/track/76Y0gxtTxN0FyDCYh5qYQj
186,"7 Years","Lukas Graham",3223718,https://open.spotify.com/track/7129iqBafaphfc3WPCGC0L
187,"Hey DJ",CNCO,3214184,https://open.spotify.com/track/209gZgcfLq2aUuu51vOWBl
188,"La Bicicleta","Carlos Vives",3207954,https://open.spotify.com/track/43it4kot08akLzFIEMhXNN
189,Alone,"Alan Walker",3191577,https://open.spotify.com/track/0JiVRyTJcJnmlwCZ854K4p
190,Up,NAV,3183871,https://open.spotify.com/track/5qbcsZMwL0x46sX7VO37Ye
191,"Lose Yourself - Soundtrack Version",Eminem,3179329,https://open.spotify.com/track/5Z01UMMf7V1o0MzF86s6WJ
192,"Cake By The Ocean",DNCE,3178713,https://open.spotify.com/track/2aFiaMXmWsM3Vj72F9ksBl
193,"i hate u, i love u (feat. olivia o'brien)",gnash,3156798,https://open.spotify.com/track/7vRriwrloYVaoAe3a9wJHe
194,"No Problem (feat. Lil Wayne & 2 Chainz)","Chance The Rapper",3125646,https://open.spotify.com/track/0v9Wz8o0BT8DU38R4ddjeH
195,"Deja vu","Prince Royce",3110765,https://open.spotify.com/track/46HdsiK0uR26B2dY9QPzda
196,"Dile Que Tu Me Quieres",Ozuna,3100041,https://open.spotify.com/track/20ZAJdsKB5IGbGj4ilRt2o
197,"Do Not Disturb",Drake,3087741,https://open.spotify.com/track/2KvHC9z14GSl4YpkNMX384
198,"Be The One","Dua Lipa",3082448,https://open.spotify.com/track/1ixphys4A3NEXp6MDScfih
199,"Party Monster","The Weeknd",3078452,https://open.spotify.com/track/4F7A0DXBrmUAkp32uenhZt
200,"White Iverson","Post Malone",3059280,https://open.spotify.com/track/6eT7xZZlB2mwyzJ2sUKG6w
